,HCFAI,Accessibility,
0,0,Cluster 0,1
1,0,Cluster 0,1
2,1151.19717,Cluster 3,4
3,1600.191852,Cluster 3,4
4,2469.77542,Cluster 1,2
5,5967.815673,Cluster 1,2
6,0,Cluster 0,1
7,618.1631673,Cluster 0,1
8,581.7213425,Cluster 0,1
9,1418.065842,Cluster 3,4
10,1092.351922,Cluster 3,4
11,1307.880874,Cluster 3,4
12,1822.383785,Cluster 3,4
13,1522.986006,Cluster 3,4
14,2892.938787,Cluster 1,2
15,14990.9138,Cluster 2,3
16,0,Cluster 0,1
17,1291.560146,Cluster 3,4
18,453.9676753,Cluster 0,1
19,0,Cluster 0,1
20,178.1933419,Cluster 0,1
21,992.3232849,Cluster 3,4
22,0,Cluster 0,1
23,1529.454653,Cluster 3,4
24,825.6437931,Cluster 3,4
25,320.3321016,Cluster 0,1
26,280.7273199,Cluster 0,1
27,556.5583713,Cluster 0,1
28,630.6995041,Cluster 0,1
29,963.941241,Cluster 3,4
30,1857.280866,Cluster 3,4
31,1133.536228,Cluster 3,4
32,2347.191042,Cluster 1,2
33,1026.372925,Cluster 3,4
34,144.9322358,Cluster 0,1
35,89.79262967,Cluster 0,1
36,67.35732293,Cluster 0,1
37,228.5140427,Cluster 0,1
38,402.6469937,Cluster 0,1
39,2706.024204,Cluster 1,2
40,837.4142186,Cluster 3,4
41,990.9737118,Cluster 3,4
42,4579.522387,Cluster 1,2
43,524.1254547,Cluster 0,1
44,371.1966608,Cluster 0,1
45,434.7477815,Cluster 0,1
46,578.1832102,Cluster 0,1
47,790.8772674,Cluster 3,4
48,2166.582421,Cluster 3,4
49,903.131711,Cluster 3,4
50,1681.387698,Cluster 3,4
51,1761.751384,Cluster 3,4
52,591.937173,Cluster 0,1
53,246.4133714,Cluster 0,1
54,244.0121948,Cluster 0,1
55,171.5910613,Cluster 0,1
56,262.6029859,Cluster 0,1
57,648.7368847,Cluster 0,1
58,340.0540556,Cluster 0,1
59,857.2141172,Cluster 3,4
60,2840.783484,Cluster 1,2
61,2395.228726,Cluster 1,2
62,948.8221235,Cluster 3,4
63,1368.680147,Cluster 3,4
64,1172.838278,Cluster 3,4
65,652.8726798,Cluster 0,1
66,1512.316324,Cluster 3,4
67,2613.568022,Cluster 1,2
68,813.5013282,Cluster 3,4
69,595.6490529,Cluster 0,1
70,848.7173961,Cluster 3,4
71,473.2368524,Cluster 0,1
72,408.9756024,Cluster 0,1
73,317.17444,Cluster 0,1
74,280.2714277,Cluster 0,1
75,287.9346527,Cluster 0,1
76,418.0081059,Cluster 0,1
77,139.5527905,Cluster 0,1
78,1469.272613,Cluster 3,4
79,2983.037229,Cluster 1,2
80,1175.3354,Cluster 3,4
81,859.200066,Cluster 3,4
82,1634.957815,Cluster 3,4
83,1073.958272,Cluster 3,4
84,1484.41223,Cluster 3,4
85,6844.106349,Cluster 1,2
86,2439.819165,Cluster 1,2
87,644.1924055,Cluster 0,1
88,506.7771756,Cluster 0,1
89,517.5733661,Cluster 0,1
90,831.908913,Cluster 3,4
91,1648.799359,Cluster 3,4
92,606.1234316,Cluster 0,1
93,498.0602542,Cluster 0,1
94,268.7472827,Cluster 0,1
95,98.07913518,Cluster 0,1
96,1999.466549,Cluster 3,4
97,1202.573683,Cluster 3,4
98,1165.75142,Cluster 3,4
99,2005.719378,Cluster 3,4
100,1678.540404,Cluster 3,4
101,1944.778281,Cluster 3,4
102,3819.046758,Cluster 1,2
103,3685.230206,Cluster 1,2
104,1490.747188,Cluster 3,4
105,765.1462323,Cluster 3,4
106,438.9270707,Cluster 0,1
107,304.3376718,Cluster 0,1
108,413.4866288,Cluster 0,1
109,837.2766547,Cluster 3,4
110,885.5289129,Cluster 3,4
111,378.1450463,Cluster 0,1
112,258.6042612,Cluster 0,1
113,531.8382991,Cluster 0,1
114,612.8214684,Cluster 0,1
115,,Cluster 0,1
116,1116.577324,Cluster 3,4
117,1110.738905,Cluster 3,4
118,1209.278535,Cluster 3,4
119,3059.619144,Cluster 1,2
120,2468.057676,Cluster 1,2
121,2700.604459,Cluster 1,2
122,2917.703056,Cluster 1,2
123,984.2962731,Cluster 3,4
124,351.0393932,Cluster 0,1
125,223.1612829,Cluster 0,1
126,454.6883081,Cluster 0,1
127,1523.025263,Cluster 3,4
128,364.9483908,Cluster 0,1
129,212.6394963,Cluster 0,1
130,390.8461424,Cluster 0,1
131,346.3220264,Cluster 0,1
132,492.6949886,Cluster 0,1
133,0,Cluster 0,1
134,3927.563026,Cluster 1,2
135,386.8991608,Cluster 0,1
136,874.2669112,Cluster 3,4
137,930.1577956,Cluster 3,4
138,1460.442078,Cluster 3,4
139,2115.658172,Cluster 3,4
140,1818.20657,Cluster 3,4
141,3196.853608,Cluster 1,2
142,2858.155014,Cluster 1,2
143,902.5157235,Cluster 3,4
144,330.9860567,Cluster 0,1
145,366.0740283,Cluster 0,1
146,924.9773617,Cluster 3,4
147,1093.339263,Cluster 3,4
148,169.2176997,Cluster 0,1
149,257.7489907,Cluster 0,1
150,265.2078082,Cluster 0,1
151,206.4651324,Cluster 0,1
152,348.7373402,Cluster 0,1
153,760.6830761,Cluster 3,4
154,410.079992,Cluster 0,1
155,1058.17347,Cluster 3,4
156,3219.630018,Cluster 1,2
157,0,Cluster 0,1
158,2148.505942,Cluster 3,4
159,866.4844226,Cluster 3,4
160,754.8822129,Cluster 3,4
161,1264.02295,Cluster 3,4
162,1081.736545,Cluster 3,4
163,1062.389687,Cluster 3,4
164,812.5845661,Cluster 3,4
165,353.7239083,Cluster 0,1
166,1469.569779,Cluster 3,4
167,284.9393427,Cluster 0,1
168,127.0793113,Cluster 0,1
169,187.674281,Cluster 0,1
170,172.3855455,Cluster 0,1
171,188.3544081,Cluster 0,1
172,341.5969033,Cluster 0,1
173,762.3630255,Cluster 3,4
174,1122.966581,Cluster 3,4
175,2046.397953,Cluster 3,4
176,,Cluster 0,1
177,896.7845127,Cluster 3,4
178,1326.2207,Cluster 3,4
179,1282.066688,Cluster 3,4
180,1363.649437,Cluster 3,4
181,817.1892944,Cluster 3,4
182,1566.611329,Cluster 3,4
183,2609.562413,Cluster 1,2
184,1051.571105,Cluster 3,4
185,1862.833583,Cluster 3,4
186,507.8492979,Cluster 0,1
187,357.952441,Cluster 0,1
188,292.612475,Cluster 0,1
189,115.1754831,Cluster 0,1
190,84.49879059,Cluster 0,1
191,71.33555707,Cluster 0,1
192,160.940204,Cluster 0,1
193,260.8262508,Cluster 0,1
194,336.2251934,Cluster 0,1
195,592.8181005,Cluster 0,1
196,1443.033627,Cluster 3,4
197,,Cluster 0,1
198,553.5598246,Cluster 0,1
199,817.6517962,Cluster 3,4
200,889.8815761,Cluster 3,4
201,1169.159675,Cluster 3,4
202,766.5541771,Cluster 3,4
203,276.9603908,Cluster 0,1
204,485.1512074,Cluster 0,1
205,879.2483502,Cluster 3,4
206,622.1627873,Cluster 0,1
207,3283.188687,Cluster 1,2
208,3407.049993,Cluster 1,2
209,2791.467899,Cluster 1,2
210,3196.714734,Cluster 1,2
211,591.7109983,Cluster 0,1
212,120.4610392,Cluster 0,1
213,72.17071407,Cluster 0,1
214,59.64153045,Cluster 0,1
215,63.29529484,Cluster 0,1
216,81.96277281,Cluster 0,1
217,220.1395094,Cluster 0,1
218,248.198204,Cluster 0,1
219,394.0177431,Cluster 0,1
220,818.753732,Cluster 3,4
221,830.8028938,Cluster 3,4
222,365.4198843,Cluster 0,1
223,411.281737,Cluster 0,1
224,593.3839009,Cluster 0,1
225,856.5420409,Cluster 3,4
226,446.3640231,Cluster 0,1
227,410.8830984,Cluster 0,1
228,325.290284,Cluster 0,1
229,200.7947637,Cluster 0,1
230,345.1002423,Cluster 0,1
231,439.7816039,Cluster 0,1
232,1159.831796,Cluster 3,4
233,3564.584353,Cluster 1,2
234,1067.628531,Cluster 3,4
235,1655.467607,Cluster 3,4
236,877.1535538,Cluster 3,4
237,77.95642214,Cluster 0,1
238,56.18515836,Cluster 0,1
239,58.39357706,Cluster 0,1
240,69.07233833,Cluster 0,1
241,74.29781233,Cluster 0,1
242,149.6044178,Cluster 0,1
243,161.7544543,Cluster 0,1
244,232.3303826,Cluster 0,1
245,676.4811271,Cluster 0,1
246,612.2272232,Cluster 0,1
247,222.8581409,Cluster 0,1
248,451.4449344,Cluster 0,1
249,460.5347803,Cluster 0,1
250,252.2049232,Cluster 0,1
251,636.2016906,Cluster 0,1
252,704.1197301,Cluster 0,1
253,324.6156003,Cluster 0,1
254,238.6212144,Cluster 0,1
255,258.1111737,Cluster 0,1
256,291.9943462,Cluster 0,1
257,302.2280716,Cluster 0,1
258,410.3526296,Cluster 0,1
259,766.9656679,Cluster 3,4
260,1680.88097,Cluster 3,4
261,1915.705872,Cluster 3,4
262,995.1194115,Cluster 3,4
263,970.4418116,Cluster 3,4
264,482.3803738,Cluster 0,1
265,147.5852115,Cluster 0,1
266,150.4814778,Cluster 0,1
267,78.50554954,Cluster 0,1
268,111.6753062,Cluster 0,1
269,143.8609563,Cluster 0,1
270,162.2727841,Cluster 0,1
271,143.6979052,Cluster 0,1
272,416.1812862,Cluster 0,1
273,495.3956466,Cluster 0,1
274,138.8602731,Cluster 0,1
275,130.7689333,Cluster 0,1
276,185.3087911,Cluster 0,1
277,450.4362083,Cluster 0,1
278,787.0593863,Cluster 3,4
279,961.139597,Cluster 3,4
280,552.8625064,Cluster 0,1
281,183.3140942,Cluster 0,1
282,294.9315038,Cluster 0,1
283,233.0131135,Cluster 0,1
284,244.9983871,Cluster 0,1
285,310.8966541,Cluster 0,1
286,401.8688736,Cluster 0,1
287,541.4330482,Cluster 0,1
288,945.0922071,Cluster 3,4
289,1542.625413,Cluster 3,4
290,970.9078959,Cluster 3,4
291,921.3032476,Cluster 3,4
292,321.8486369,Cluster 0,1
293,229.581315,Cluster 0,1
294,210.6095343,Cluster 0,1
295,217.9292233,Cluster 0,1
296,103.1897234,Cluster 0,1
297,123.7070889,Cluster 0,1
298,152.9955517,Cluster 0,1
299,133.6659997,Cluster 0,1
300,345.5832946,Cluster 0,1
301,403.3905756,Cluster 0,1
302,184.877256,Cluster 0,1
303,184.0845453,Cluster 0,1
304,174.153166,Cluster 0,1
305,150.1781165,Cluster 0,1
306,523.6911173,Cluster 0,1
307,263.3244165,Cluster 0,1
308,213.2272319,Cluster 0,1
309,437.285155,Cluster 0,1
310,119.2935822,Cluster 0,1
311,153.2688481,Cluster 0,1
312,197.3921365,Cluster 0,1
313,245.6668391,Cluster 0,1
314,322.5141421,Cluster 0,1
315,363.0557024,Cluster 0,1
316,404.719738,Cluster 0,1
317,450.0019428,Cluster 0,1
318,1093.862676,Cluster 3,4
319,600.3967098,Cluster 0,1
320,974.117675,Cluster 3,4
321,1609.15314,Cluster 3,4
322,353.3866234,Cluster 0,1
323,116.8199116,Cluster 0,1
324,105.3084839,Cluster 0,1
325,116.1861558,Cluster 0,1
326,127.3136314,Cluster 0,1
327,143.5294087,Cluster 0,1
328,152.4638156,Cluster 0,1
329,317.8426067,Cluster 0,1
330,471.5331732,Cluster 0,1
331,479.7433358,Cluster 0,1
332,127.9584985,Cluster 0,1
333,145.845209,Cluster 0,1
334,164.2461827,Cluster 0,1
335,159.3250959,Cluster 0,1
336,209.1644426,Cluster 0,1
337,496.7564344,Cluster 0,1
338,153.2626216,Cluster 0,1
339,133.531957,Cluster 0,1
340,239.374715,Cluster 0,1
341,125.4070981,Cluster 0,1
342,94.11271853,Cluster 0,1
343,100.4990011,Cluster 0,1
344,165.645332,Cluster 0,1
345,208.4422469,Cluster 0,1
346,223.2565633,Cluster 0,1
347,251.230687,Cluster 0,1
348,439.5955325,Cluster 0,1
349,609.102486,Cluster 0,1
350,777.4874627,Cluster 3,4
351,750.9670435,Cluster 3,4
352,1828.260102,Cluster 3,4
353,315.0132702,Cluster 0,1
354,194.6870213,Cluster 0,1
355,106.1084319,Cluster 0,1
356,82.29834428,Cluster 0,1
357,104.3489293,Cluster 0,1
358,153.3827791,Cluster 0,1
359,149.5813426,Cluster 0,1
360,305.5362745,Cluster 0,1
361,400.7592504,Cluster 0,1
362,451.2438264,Cluster 0,1
363,120.942477,Cluster 0,1
364,118.8227784,Cluster 0,1
365,142.9963267,Cluster 0,1
366,161.4515764,Cluster 0,1
367,173.4675344,Cluster 0,1
368,150.9602523,Cluster 0,1
369,253.3762164,Cluster 0,1
370,249.7113025,Cluster 0,1
371,133.457905,Cluster 0,1
372,142.07098,Cluster 0,1
373,152.5089667,Cluster 0,1
374,107.490975,Cluster 0,1
375,86.62829015,Cluster 0,1
376,126.985242,Cluster 0,1
377,174.9651538,Cluster 0,1
378,174.4490717,Cluster 0,1
379,205.174991,Cluster 0,1
380,366.4114658,Cluster 0,1
381,849.6225261,Cluster 3,4
382,404.8343032,Cluster 0,1
383,644.872262,Cluster 0,1
384,1810.295956,Cluster 3,4
385,2604.168335,Cluster 1,2
386,269.637078,Cluster 0,1
387,135.1237384,Cluster 0,1
388,108.2245896,Cluster 0,1
389,104.9926068,Cluster 0,1
390,130.3172184,Cluster 0,1
391,126.601117,Cluster 0,1
392,157.5715428,Cluster 0,1
393,438.3005898,Cluster 0,1
394,456.3228524,Cluster 0,1
395,400.0435428,Cluster 0,1
396,120.5215487,Cluster 0,1
397,121.6337919,Cluster 0,1
398,114.7088194,Cluster 0,1
399,130.3854639,Cluster 0,1
400,161.504515,Cluster 0,1
401,268.018374,Cluster 0,1
402,108.051538,Cluster 0,1
403,101.2026834,Cluster 0,1
404,127.3145731,Cluster 0,1
405,179.7614209,Cluster 0,1
406,146.4417471,Cluster 0,1
407,100.6640496,Cluster 0,1
408,107.0406626,Cluster 0,1
409,137.7790283,Cluster 0,1
410,150.6463068,Cluster 0,1
411,177.6408678,Cluster 0,1
412,248.6679715,Cluster 0,1
413,443.2989581,Cluster 0,1
414,553.5280088,Cluster 0,1
415,544.4502503,Cluster 0,1
416,1257.470675,Cluster 3,4
417,1179.662473,Cluster 3,4
418,186.7849601,Cluster 0,1
419,153.9649358,Cluster 0,1
420,114.4901957,Cluster 0,1
421,111.8037483,Cluster 0,1
422,94.61635895,Cluster 0,1
423,114.7489219,Cluster 0,1
424,134.2780786,Cluster 0,1
425,259.195775,Cluster 0,1
426,315.5196088,Cluster 0,1
427,367.0614986,Cluster 0,1
428,202.9883154,Cluster 0,1
429,122.6069499,Cluster 0,1
430,84.06089506,Cluster 0,1
431,69.17564356,Cluster 0,1
432,104.527859,Cluster 0,1
433,132.8597065,Cluster 0,1
434,186.0344813,Cluster 0,1
435,136.7624206,Cluster 0,1
436,78.62005174,Cluster 0,1
437,120.3629064,Cluster 0,1
438,132.2401021,Cluster 0,1
439,131.0821635,Cluster 0,1
440,106.4659482,Cluster 0,1
441,72.86194126,Cluster 0,1
442,121.4450781,Cluster 0,1
443,138.2843071,Cluster 0,1
444,145.7838419,Cluster 0,1
445,210.9463878,Cluster 0,1
446,330.4926726,Cluster 0,1
447,300.5110886,Cluster 0,1
448,518.7767787,Cluster 0,1
449,701.4772332,Cluster 0,1
450,1216.68026,Cluster 3,4
451,418.1536912,Cluster 0,1
452,138.6959532,Cluster 0,1
453,131.4934483,Cluster 0,1
454,120.3987213,Cluster 0,1
455,120.4395706,Cluster 0,1
456,116.620245,Cluster 0,1
457,117.1750028,Cluster 0,1
458,258.5006146,Cluster 0,1
459,269.0922847,Cluster 0,1
460,326.888094,Cluster 0,1
461,185.8664748,Cluster 0,1
462,119.9667661,Cluster 0,1
463,80.72767621,Cluster 0,1
464,75.66651495,Cluster 0,1
465,91.05513959,Cluster 0,1
466,150.2078876,Cluster 0,1
467,162.0463818,Cluster 0,1
468,79.22666804,Cluster 0,1
469,62.92935134,Cluster 0,1
470,74.33782654,Cluster 0,1
471,100.1652394,Cluster 0,1
472,113.6323547,Cluster 0,1
473,77.85641961,Cluster 0,1
474,74.8052722,Cluster 0,1
475,133.0762375,Cluster 0,1
476,135.4749892,Cluster 0,1
477,155.0283069,Cluster 0,1
478,219.1819954,Cluster 0,1
479,232.2489523,Cluster 0,1
480,259.374956,Cluster 0,1
481,353.5055696,Cluster 0,1
482,467.3666348,Cluster 0,1
483,490.6423712,Cluster 0,1
484,436.0850291,Cluster 0,1
485,119.0288087,Cluster 0,1
486,107.5775645,Cluster 0,1
487,119.0990721,Cluster 0,1
488,109.5019543,Cluster 0,1
489,103.590943,Cluster 0,1
490,219.5331755,Cluster 0,1
491,225.7241748,Cluster 0,1
492,265.2549968,Cluster 0,1
493,314.3322121,Cluster 0,1
494,165.962753,Cluster 0,1
495,117.3463685,Cluster 0,1
496,102.6703712,Cluster 0,1
497,64.13226438,Cluster 0,1
498,96.20044756,Cluster 0,1
499,143.765076,Cluster 0,1
500,67.62665332,Cluster 0,1
501,66.99436861,Cluster 0,1
502,62.45847144,Cluster 0,1
503,61.67750624,Cluster 0,1
504,71.02495056,Cluster 0,1
505,63.72833237,Cluster 0,1
506,66.59174406,Cluster 0,1
507,106.1237717,Cluster 0,1
508,139.36629,Cluster 0,1
509,154.7901794,Cluster 0,1
510,176.5394003,Cluster 0,1
511,140.0058779,Cluster 0,1
512,179.6231072,Cluster 0,1
513,207.6607132,Cluster 0,1
514,266.2171439,Cluster 0,1
515,336.4059434,Cluster 0,1
516,604.5792366,Cluster 0,1
517,523.2205882,Cluster 0,1
518,149.526794,Cluster 0,1
519,109.4630253,Cluster 0,1
520,110.468158,Cluster 0,1
521,84.82737572,Cluster 0,1
522,178.8483655,Cluster 0,1
523,254.5081607,Cluster 0,1
524,220.4892312,Cluster 0,1
525,281.6233182,Cluster 0,1
526,179.5477603,Cluster 0,1
527,157.979932,Cluster 0,1
528,80.04080368,Cluster 0,1
529,61.84858118,Cluster 0,1
530,84.73791645,Cluster 0,1
531,79.73457321,Cluster 0,1
532,102.3712327,Cluster 0,1
533,77.70712814,Cluster 0,1
534,71.80206139,Cluster 0,1
535,85.80821373,Cluster 0,1
536,97.49616511,Cluster 0,1
537,80.79544844,Cluster 0,1
538,80.42005441,Cluster 0,1
539,95.36994393,Cluster 0,1
540,91.4952556,Cluster 0,1
541,82.75655421,Cluster 0,1
542,55.73724824,Cluster 0,1
543,46.57532862,Cluster 0,1
544,56.56287147,Cluster 0,1
545,198.891888,Cluster 0,1
546,282.4375411,Cluster 0,1
547,412.0568381,Cluster 0,1
548,670.3481305,Cluster 0,1
549,550.5151958,Cluster 0,1
550,113.2051975,Cluster 0,1
551,101.0854193,Cluster 0,1
552,99.73847695,Cluster 0,1
553,148.7740828,Cluster 0,1
554,235.5347867,Cluster 0,1
555,256.79361,Cluster 0,1
556,265.9511344,Cluster 0,1
557,277.709055,Cluster 0,1
558,143.1933593,Cluster 0,1
559,161.0047296,Cluster 0,1
560,126.5472588,Cluster 0,1
561,78.91673275,Cluster 0,1
562,80.69906825,Cluster 0,1
563,99.84412292,Cluster 0,1
564,104.9577733,Cluster 0,1
565,99.87785687,Cluster 0,1
566,84.3552435,Cluster 0,1
567,100.2633418,Cluster 0,1
568,101.592271,Cluster 0,1
569,74.54920873,Cluster 0,1
570,36.25046764,Cluster 0,1
571,23.54822718,Cluster 0,1
572,37.25350368,Cluster 0,1
573,46.03348967,Cluster 0,1
574,42.89758383,Cluster 0,1
575,60.15394901,Cluster 0,1
576,54.23264663,Cluster 0,1
577,176.7595568,Cluster 0,1
578,218.3756296,Cluster 0,1
579,558.8576902,Cluster 0,1
580,646.1342528,Cluster 0,1
581,418.2173667,Cluster 0,1
582,100.9778988,Cluster 0,1
583,103.1149031,Cluster 0,1
584,162.3824665,Cluster 0,1
585,248.3608545,Cluster 0,1
586,237.6052818,Cluster 0,1
587,300.7585216,Cluster 0,1
588,262.7848719,Cluster 0,1
589,161.2214149,Cluster 0,1
590,139.6926174,Cluster 0,1
591,166.363918,Cluster 0,1
592,109.8749444,Cluster 0,1
593,111.4640346,Cluster 0,1
594,119.7000653,Cluster 0,1
595,84.26880456,Cluster 0,1
596,62.26318177,Cluster 0,1
597,84.46078594,Cluster 0,1
598,92.438895,Cluster 0,1
599,52.02762513,Cluster 0,1
600,36.51707983,Cluster 0,1
601,32.84942288,Cluster 0,1
602,24.80843393,Cluster 0,1
603,24.9699577,Cluster 0,1
604,35.64930073,Cluster 0,1
605,56.12981039,Cluster 0,1
606,55.22542277,Cluster 0,1
607,55.43700445,Cluster 0,1
608,151.1837226,Cluster 0,1
609,370.3408306,Cluster 0,1
610,638.3509084,Cluster 0,1
611,641.169505,Cluster 0,1
612,269.7166033,Cluster 0,1
613,101.6447477,Cluster 0,1
614,130.9665718,Cluster 0,1
615,229.1714663,Cluster 0,1
616,253.6087934,Cluster 0,1
617,307.0926276,Cluster 0,1
618,382.2766291,Cluster 0,1
619,243.2434685,Cluster 0,1
620,153.5770938,Cluster 0,1
621,208.008153,Cluster 0,1
622,156.8787386,Cluster 0,1
623,103.3856503,Cluster 0,1
624,165.4320287,Cluster 0,1
625,94.47773742,Cluster 0,1
626,70.18344432,Cluster 0,1
627,56.11781685,Cluster 0,1
628,46.4076898,Cluster 0,1
629,42.35283329,Cluster 0,1
630,40.66257948,Cluster 0,1
631,33.35673355,Cluster 0,1
632,33.74811039,Cluster 0,1
633,25.6000488,Cluster 0,1
634,26.37331436,Cluster 0,1
635,33.16175518,Cluster 0,1
636,53.62379549,Cluster 0,1
637,57.62115877,Cluster 0,1
638,52.70467757,Cluster 0,1
639,153.4998367,Cluster 0,1
640,570.9386143,Cluster 0,1
641,646.0121883,Cluster 0,1
642,483.5646273,Cluster 0,1
643,68.19466153,Cluster 0,1
644,128.0134887,Cluster 0,1
645,246.5235566,Cluster 0,1
646,255.288732,Cluster 0,1
647,329.2737619,Cluster 0,1
648,358.5383344,Cluster 0,1
649,433.4319782,Cluster 0,1
650,182.3302098,Cluster 0,1
651,144.4885611,Cluster 0,1
652,104.4268641,Cluster 0,1
653,153.3922952,Cluster 0,1
654,124.8167609,Cluster 0,1
655,73.95752301,Cluster 0,1
656,40.45272131,Cluster 0,1
657,53.80232209,Cluster 0,1
658,57.55364293,Cluster 0,1
659,50.30911238,Cluster 0,1
660,48.1265846,Cluster 0,1
661,33.6740519,Cluster 0,1
662,36.66908279,Cluster 0,1
663,24.11327433,Cluster 0,1
664,27.68849828,Cluster 0,1
665,44.35004893,Cluster 0,1
666,66.20194474,Cluster 0,1
667,40.35813441,Cluster 0,1
668,61.63162922,Cluster 0,1
669,308.5689186,Cluster 0,1
670,620.4683648,Cluster 0,1
671,552.1530491,Cluster 0,1
672,337.1631565,Cluster 0,1
673,87.22461733,Cluster 0,1
674,192.4516319,Cluster 0,1
675,222.1764808,Cluster 0,1
676,233.2383146,Cluster 0,1
677,210.1165668,Cluster 0,1
678,288.7552736,Cluster 0,1
679,327.9974643,Cluster 0,1
680,214.0788121,Cluster 0,1
681,99.1672751,Cluster 0,1
682,60.81796889,Cluster 0,1
683,55.06026893,Cluster 0,1
684,44.44488386,Cluster 0,1
685,36.61071963,Cluster 0,1
686,44.95000716,Cluster 0,1
687,52.39271834,Cluster 0,1
688,60.85716298,Cluster 0,1
689,38.87865056,Cluster 0,1
690,31.64514768,Cluster 0,1
691,26.23968363,Cluster 0,1
692,33.0599516,Cluster 0,1
693,45.37968227,Cluster 0,1
694,46.93092556,Cluster 0,1
695,34.31438172,Cluster 0,1
696,55.80328187,Cluster 0,1
697,61.86174908,Cluster 0,1
698,577.9339413,Cluster 0,1
699,517.7493154,Cluster 0,1
700,531.3084197,Cluster 0,1
701,213.2866515,Cluster 0,1
702,208.221096,Cluster 0,1
703,202.4829424,Cluster 0,1
704,195.6865545,Cluster 0,1
705,235.3366091,Cluster 0,1
706,230.4940558,Cluster 0,1
707,225.0919032,Cluster 0,1
708,186.6309738,Cluster 0,1
709,140.537168,Cluster 0,1
710,105.5672671,Cluster 0,1
711,59.50214923,Cluster 0,1
712,57.83967208,Cluster 0,1
713,46.79416846,Cluster 0,1
714,41.56512503,Cluster 0,1
715,69.99515248,Cluster 0,1
716,50.70093836,Cluster 0,1
717,41.15566128,Cluster 0,1
718,36.30884382,Cluster 0,1
719,28.933817,Cluster 0,1
720,39.43076301,Cluster 0,1
721,32.75307144,Cluster 0,1
722,30.55046583,Cluster 0,1
723,24.14947619,Cluster 0,1
724,26.80234261,Cluster 0,1
725,48.94398439,Cluster 0,1
726,248.9454271,Cluster 0,1
727,539.0780472,Cluster 0,1
728,525.5100334,Cluster 0,1
729,480.6375543,Cluster 0,1
730,214.684013,Cluster 0,1
731,210.5616532,Cluster 0,1
732,208.8890524,Cluster 0,1
733,218.0450125,Cluster 0,1
734,237.2597502,Cluster 0,1
735,206.4795518,Cluster 0,1
736,170.2472568,Cluster 0,1
737,139.6133861,Cluster 0,1
738,547.7484839,Cluster 0,1
739,92.99288454,Cluster 0,1
740,64.84138267,Cluster 0,1
741,46.59348802,Cluster 0,1
742,45.0510821,Cluster 0,1
743,76.14456891,Cluster 0,1
744,61.88553339,Cluster 0,1
745,51.69351086,Cluster 0,1
746,43.49236087,Cluster 0,1
747,33.26035907,Cluster 0,1
748,37.84469009,Cluster 0,1
749,39.29556029,Cluster 0,1
750,29.19954474,Cluster 0,1
751,29.03762391,Cluster 0,1
752,22.09645015,Cluster 0,1
753,23.00380453,Cluster 0,1
754,43.90557337,Cluster 0,1
755,399.6379461,Cluster 0,1
756,567.8624334,Cluster 0,1
757,503.4240936,Cluster 0,1
758,440.666119,Cluster 0,1
759,243.3882349,Cluster 0,1
760,264.1540129,Cluster 0,1
761,248.1811859,Cluster 0,1
762,240.8005304,Cluster 0,1
763,254.7634943,Cluster 0,1
764,224.4175153,Cluster 0,1
765,156.2096646,Cluster 0,1
766,296.3443521,Cluster 0,1
767,151.4692671,Cluster 0,1
768,64.96291578,Cluster 0,1
769,63.27595234,Cluster 0,1
770,50.32825813,Cluster 0,1
771,48.43758341,Cluster 0,1
772,63.32788073,Cluster 0,1
773,57.93927919,Cluster 0,1
774,35.62346244,Cluster 0,1
775,38.04533879,Cluster 0,1
776,31.36700282,Cluster 0,1
777,31.98865691,Cluster 0,1
778,28.00129111,Cluster 0,1
779,25.55689074,Cluster 0,1
780,24.69866011,Cluster 0,1
781,22.72643481,Cluster 0,1
782,104.4742006,Cluster 0,1
783,413.0791507,Cluster 0,1
784,435.021097,Cluster 0,1
785,640.142707,Cluster 0,1
786,328.8528691,Cluster 0,1
787,256.8960148,Cluster 0,1
788,259.9388768,Cluster 0,1
789,269.8733217,Cluster 0,1
790,282.0911182,Cluster 0,1
791,261.3626372,Cluster 0,1
792,158.0108296,Cluster 0,1
793,151.2845566,Cluster 0,1
794,538.5746772,Cluster 0,1
795,409.0342271,Cluster 0,1
796,220.4704568,Cluster 0,1
797,94.06718337,Cluster 0,1
798,63.27803139,Cluster 0,1
799,47.70573004,Cluster 0,1
800,67.95888426,Cluster 0,1
801,67.05521992,Cluster 0,1
802,42.31109953,Cluster 0,1
803,35.82813357,Cluster 0,1
804,30.64124022,Cluster 0,1
805,28.60024652,Cluster 0,1
806,27.64564846,Cluster 0,1
807,29.71708465,Cluster 0,1
808,33.25330336,Cluster 0,1
809,24.15955251,Cluster 0,1
810,27.34064246,Cluster 0,1
811,172.6946741,Cluster 0,1
812,412.2948218,Cluster 0,1
813,440.9838246,Cluster 0,1
814,412.7264342,Cluster 0,1
815,242.5704997,Cluster 0,1
816,224.9348946,Cluster 0,1
817,262.7994981,Cluster 0,1
818,261.6367723,Cluster 0,1
819,260.9515543,Cluster 0,1
820,226.8457842,Cluster 0,1
821,160.0803932,Cluster 0,1
822,,Cluster 0,1
823,599.3341601,Cluster 0,1
824,424.3178403,Cluster 0,1
825,192.0057254,Cluster 0,1
826,74.58088793,Cluster 0,1
827,75.77922022,Cluster 0,1
828,80.54244157,Cluster 0,1
829,61.61425628,Cluster 0,1
830,54.72315445,Cluster 0,1
831,39.24545568,Cluster 0,1
832,44.53143269,Cluster 0,1
833,27.38187021,Cluster 0,1
834,31.70467112,Cluster 0,1
835,36.41229062,Cluster 0,1
836,28.82046447,Cluster 0,1
837,24.42525991,Cluster 0,1
838,73.59323423,Cluster 0,1
839,412.0623477,Cluster 0,1
840,438.5927069,Cluster 0,1
841,388.9508988,Cluster 0,1
842,280.9026827,Cluster 0,1
843,159.2893166,Cluster 0,1
844,230.9563421,Cluster 0,1
845,245.9043801,Cluster 0,1
846,245.932823,Cluster 0,1
847,263.935283,Cluster 0,1
848,158.4792815,Cluster 0,1
849,162.7290661,Cluster 0,1
850,367.9448567,Cluster 0,1
851,191.7677526,Cluster 0,1
852,167.7805786,Cluster 0,1
853,97.70813901,Cluster 0,1
854,66.19356669,Cluster 0,1
855,68.51557322,Cluster 0,1
856,67.6021082,Cluster 0,1
857,71.85397882,Cluster 0,1
858,53.36415382,Cluster 0,1
859,51.84929893,Cluster 0,1
860,40.98003368,Cluster 0,1
861,38.05470879,Cluster 0,1
862,37.15558299,Cluster 0,1
863,38.37716182,Cluster 0,1
864,35.59418837,Cluster 0,1
865,33.20500559,Cluster 0,1
866,75.46628854,Cluster 0,1
867,340.5401333,Cluster 0,1
868,450.3458762,Cluster 0,1
869,483.8571669,Cluster 0,1
870,166.9899564,Cluster 0,1
871,229.9151399,Cluster 0,1
872,210.5051583,Cluster 0,1
873,202.578958,Cluster 0,1
874,259.7375397,Cluster 0,1
875,232.5320223,Cluster 0,1
876,163.7475097,Cluster 0,1
877,,Cluster 0,1
878,108.9222314,Cluster 0,1
879,90.85774138,Cluster 0,1
880,89.5497198,Cluster 0,1
881,75.14219193,Cluster 0,1
882,72.61474639,Cluster 0,1
883,55.77086508,Cluster 0,1
884,60.10109132,Cluster 0,1
885,50.64351334,Cluster 0,1
886,60.1656049,Cluster 0,1
887,44.10113514,Cluster 0,1
888,38.54592356,Cluster 0,1
889,31.30875845,Cluster 0,1
890,30.63680949,Cluster 0,1
891,38.24408356,Cluster 0,1
892,40.5672158,Cluster 0,1
893,46.32492552,Cluster 0,1
894,317.305784,Cluster 0,1
895,330.39538,Cluster 0,1
896,441.4922162,Cluster 0,1
897,298.0023951,Cluster 0,1
898,156.447879,Cluster 0,1
899,223.5278666,Cluster 0,1
900,242.2892688,Cluster 0,1
901,252.791313,Cluster 0,1
902,236.3697448,Cluster 0,1
903,149.9683243,Cluster 0,1
904,157.4965577,Cluster 0,1
905,102.9573637,Cluster 0,1
906,107.6804157,Cluster 0,1
907,84.38039371,Cluster 0,1
908,76.95247689,Cluster 0,1
909,73.68145132,Cluster 0,1
910,73.34882115,Cluster 0,1
911,68.70724329,Cluster 0,1
912,60.86522246,Cluster 0,1
913,64.74377821,Cluster 0,1
914,45.347068,Cluster 0,1
915,50.71143283,Cluster 0,1
916,33.29854233,Cluster 0,1
917,36.26002966,Cluster 0,1
918,46.28572953,Cluster 0,1
919,46.38753513,Cluster 0,1
920,50.83625875,Cluster 0,1
921,463.5631307,Cluster 0,1
922,471.5606033,Cluster 0,1
923,471.9391166,Cluster 0,1
924,150.5673781,Cluster 0,1
925,131.7205199,Cluster 0,1
926,174.5687092,Cluster 0,1
927,166.3411115,Cluster 0,1
928,202.7555586,Cluster 0,1
929,168.1292048,Cluster 0,1
930,140.5742999,Cluster 0,1
931,109.2523094,Cluster 0,1
932,112.4747047,Cluster 0,1
933,102.543817,Cluster 0,1
934,80.62957983,Cluster 0,1
935,81.92322527,Cluster 0,1
936,76.39427871,Cluster 0,1
937,73.84882952,Cluster 0,1
938,69.02182978,Cluster 0,1
939,61.09004066,Cluster 0,1
940,93.02564212,Cluster 0,1
941,102.9605863,Cluster 0,1
942,60.96668327,Cluster 0,1
943,32.97227627,Cluster 0,1
944,53.42263577,Cluster 0,1
945,53.31815245,Cluster 0,1
946,103.0770089,Cluster 0,1
947,260.8080142,Cluster 0,1
948,300.4124773,Cluster 0,1
949,433.4231552,Cluster 0,1
950,293.4437798,Cluster 0,1
951,157.369945,Cluster 0,1
952,141.930619,Cluster 0,1
953,152.0075969,Cluster 0,1
954,179.2463333,Cluster 0,1
955,200.233177,Cluster 0,1
956,116.3906922,Cluster 0,1
957,133.4551634,Cluster 0,1
958,129.8190076,Cluster 0,1
959,273.6704458,Cluster 0,1
960,310.1009974,Cluster 0,1
961,332.8046964,Cluster 0,1
962,93.58739633,Cluster 0,1
963,105.4685794,Cluster 0,1
964,112.1988424,Cluster 0,1
965,124.4708759,Cluster 0,1
966,103.9936634,Cluster 0,1
967,117.376229,Cluster 0,1
968,235.5538689,Cluster 0,1
969,293.9941228,Cluster 0,1
970,0,Cluster 0,1
971,0,Cluster 0,1
