,id,BARANGAY,PSGC,LAND COVERAGE,RHU,POPULATION DENSITY PER HEXAGON,POIs PER HEXAGON,ROADS,STORM SURGE HAZARD LEVEL,FLOOD HAZARD LEVEL,LANDSLIDE HAZARD LEVEL,LANDCOVER NUMERICAL,HCFAI
0,22,Ligaya,PH175109009,Brush/Shrubs,0,0,1,1,0,0,2,1,0
1,23,Burgos,PH175109009,Brush/Shrubs,0,0,0,0,0,0,2,1,0
2,49,Pag-Asa,PH175109004,,0,154.5388074,0,0,3,2,0,0,1151.19717
3,50,San Agustin,PH175109004,Built Up,0,214.8126723,0,0,3,2,0,0,1600.191852
4,51,San Agustin,PH175109004,Grassland,0,302.9027046,0,0,3,1,0,1,2469.77542
5,58,Burgos,PH175109009,Built Up,0,1243.89281,13,1,3,2,2,0,5967.815673
6,59,Burgos,PH175109009,,0,0,0,0,3,2,2,0,0
7,84,San Agustin,PH175109004,Annual Crop,0,82.98335085,0,0,3,2,0,0,618.1631673
8,85,San Agustin,PH175109004,Annual Crop,0,75.0681483,0,1,3,2,0,0,581.7213425
9,86,Batong Buhay,PH175109004,inland water,0,164.8609486,4,1,3,3,0,0,1418.065842
10,87,Batong Buhay,PH175109004,Annual Crop,0,146.639314,0,0,3,2,0,0,1092.351922
11,88,Batong Buhay,PH175109004,Brush/Shrubs,0,168.7753023,0,0,3,2,0,1,1307.880874
12,89,Malisbong,PH175109004,Brush/Shrubs,0,239.7372697,0,0,3,3,0,1,1822.383785
13,90,Pag-Asa,PH175109006,Annual Crop,0,204.4484187,0,0,3,2,0,0,1522.986006
14,91,Pag-Asa,PH175109006,Annual Crop,0,388.3533783,0,0,3,2,0,0,2892.938787
15,92,Batong Buhay,PH175109019,Perennial Crop,0,1763.793945,3,1,3,2,0,0,14990.9138
16,93,Batong Buhay,PH175109002,Built Up,1,1590.110229,47,1,3,2,1,0,0
17,94,Pag-Asa,PH175109009,Built Up,0,506.9528427,4,1,3,2,2,0,1291.560146
18,95,Pag-Asa,PH175109009,Brush/Shrubs,0,181.431633,1,1,3,1,2,1,453.9676753
19,96,Ligaya,PH175109018,,0,0,0,0,3,1,1,0,0
20,97,Burgos,PH175109018,Perennial Crop,0,115.1348208,0,1,3,2,2,0,178.1933419
21,98,Burgos,PH175109018,,0,126.351181,0,0,3,1,0,0,992.3232849
22,100,Burgos,PH175109018,,0,0,0,0,3,1,0,0,0
23,118,Malisbong,PH175109004,,0,201.3261737,0,0,2,2,0,0,1529.454653
24,119,Malisbong,PH175109004,Annual Crop,0,104.5529099,0,1,2,2,0,0,825.6437931
25,120,Malisbong,PH175109004,Annual Crop,0,42.1661644,0,0,2,2,0,0,320.3321016
26,121,Ligaya,PH175109004,Annual Crop,0,38.44743729,0,0,3,3,0,0,280.7273199
27,122,Ligaya,PH175109004,Annual Crop,0,74.7134107,0,0,3,2,0,0,556.5583713
28,123,Burgos,PH175109004,Annual Crop,0,86.37841034,0,0,3,3,0,0,630.6995041
29,124,Pag-Asa,PH175109006,Annual Crop,0,126.8078893,0,1,3,3,0,0,963.941241
30,125,Pag-Asa,PH175109006,Annual Crop,0,239.6725464,0,1,3,2,0,0,1857.280866
31,126,Batong Buhay,PH175109019,Annual Crop,0,732.4038544,0,1,3,2,2,0,1133.536228
32,127,Batong Buhay,PH175109019,Brush/Shrubs,0,837.013031,0,1,2,1,1,1,2347.191042
33,128,Pag-Asa,PH175109009,Brush/Shrubs,0,129.9716377,0,0,0,2,2,1,1026.372925
34,129,Pag-Asa,PH175109009,Brush/Shrubs,0,60.39352036,0,1,2,2,1,1,144.9322358
35,130,Burgos,PH175109018,Brush/Shrubs,0,39.86988258,0,1,3,1,2,1,89.79262967
36,131,SanAgustin,PH175109018,Brush/Shrubs,0,36.45482635,0,1,3,2,2,1,67.35732293
37,132,San Agustin,PH175109018,Brush/Shrubs,0,83.03134727,2,1,3,2,1,1,228.5140427
38,133,San Agustin,PH175109018,Brush/Shubs,0,182.8433533,1,1,3,1,2,0,402.6469937
39,134,San Agustin,PH175109018,Annual Crop,0,331.8771591,0,1,3,1,0,0,2706.024204
40,135,San Agustin,PH175109016,Annual Crop,0,112.4160118,0,0,3,2,0,0,837.4142186
41,136,San Agustin,PH175109016,,0,133.0301182,0,0,3,2,0,0,990.9737118
42,154,Burgos,PH175109004,Annual Crop,0,319.1649628,1,1,0,2,0,0,4579.522387
43,155,Burgos,PH175109004,Annual Crop,0,66.37104511,0,1,2,2,0,0,524.1254547
44,156,Burgos,PH175109004,Annual Crop,0,46.39176464,0,0,1,2,0,0,371.1966608
45,157,Ligaya,PH175109021,Annual Crop,0,54.33431625,0,0,1,2,0,0,434.7477815
46,158,Malisbong,PH175109020,Annual Crop,0,72.73437119,2,0,2,3,0,0,578.1832102
47,159,Malisbong,PH175109020,Annual Crop,0,98.84300137,0,0,2,1,0,0,790.8772674
48,160,Pag-Asa,PH175109006,Annual Crop,0,262.573143,1,0,2,1,0,0,2166.582421
49,161,Batong Buhay,PH175109019,Brush/Shrubs,0,430.1041374,0,0,2,1,2,1,903.131711
50,162,Malisbong,PH175109019,Brush/Shubs,0,214.2741547,1,0,0,2,2,0,1681.387698
51,163,Malisbong,PH175109019,Brush/Shrubs,0,212.2247314,0,0,0,2,1,1,1761.751384
52,164,Ligaya,PH175109024,Brush/Shrubs,0,71.30614948,0,0,0,1,2,1,591.937173
53,165,San Agustin,PH175109018,Brush/Shrubs,0,29.68353653,0,0,0,1,2,1,246.4133714
54,166,San Agustin,PH175109018,Brush/Shrubs,0,30.89974785,0,0,0,2,2,1,244.0121948
55,167,San Agustin,PH175109018,Brush/Shrubs,0,21.72891617,0,0,0,2,2,1,171.5910613
56,168,San Agustin,PH175109018,Brush/Shrubs,0,31.63377571,0,0,0,1,2,1,262.6029859
57,169,San Agustin,PH175109018,Annual Crop,0,76.30988312,2,0,0,1,2,0,648.7368847
58,170,San Agustin,PH175109016,Annual Crop,0,44.76221752,0,0,2,2,0,0,340.0540556
59,171,San Agustin,PH175109016,inland water,0,111.3374507,1,0,3,2,0,0,857.2141172
60,188,Pag-Asa,PH175109004,,0,373.9398668,0,0,0,2,2,0,2840.783484
61,189,Pag-Asa,PH175109004,Annual Crop,0,173.5868009,0,0,0,2,0,0,2395.228726
62,190,San Agustin,PH175109007,Built Up,0,110.2808075,3,0,1,3,0,0,948.8221235
63,191,Burgos,PH175109021,Annual Crop,0,99.19086456,0,0,0,2,0,0,1368.680147
64,192,Burgos,PH175109021,Annual Crop,0,82.02555593,2,0,0,2,0,0,1172.838278
65,193,Malisbong,PH175109020,Annual Crop,0,46.30811882,0,1,0,2,0,0,652.8726798
66,194,San Agustin,PH175109017,Annual Crop,0,104.2768326,0,1,0,1,0,0,1512.316324
67,195,Batong Buhay,PH175109017,Annual Crop,0,305.6322784,1,1,0,1,2,0,2613.568022
68,196,Batong Buhay,PH175109017,Brush/Shrubs,0,103.0152855,0,0,0,2,2,1,813.5013282
69,197,Ligaya,PH175109024,Brush/Shrubs,0,75.42822011,0,0,0,2,2,1,595.6490529
70,198,Burgos,PH175109024,Brush/Shrubs,0,94.24123001,0,1,0,1,1,1,848.7173961
71,199,Burgos,PH175109024,Brush/Shrubs,0,52.54802513,0,1,0,1,1,1,473.2368524
72,200,Burgos,PH175109024,Annual Crop,0,49.26616669,0,1,0,2,1,0,408.9756024
73,201,San Agustin,PH175109018,Brush/Shrubs,0,38.6944418,0,1,0,2,2,1,317.17444
74,202,San Agustin,PH175109018,Annual Crop,0,32.77511597,1,1,0,1,2,0,280.2714277
75,203,Batong Buhay,PH175109018,Annual Crop,0,34.68528811,0,1,0,1,2,0,287.9346527
76,204,San Agustin,PH175109016,Grassland,0,50.99588203,0,1,0,2,2,1,418.0081059
77,205,San Agustin,PH175109016,Annual Crop,0,66.46010971,0,1,2,1,2,0,139.5527905
78,206,San Agustin,PH175109016,,0,189.6020764,0,1,3,2,0,0,1469.272613
79,224,San Agustin,PH175109007,Annual Crop,0,211.5861893,0,1,0,2,0,0,2983.037229
80,225,San Agustin,PH175109007,Annual Crop,0,83.36628723,0,1,0,2,0,0,1175.3354
81,226,Burgos,PH175109021,Barren,0,62.26786995,0,0,0,2,0,0,859.200066
82,227,Burgos,PH175109021,Annual Crop,0,115.9672063,0,1,0,2,0,0,1634.957815
83,228,Malisbong,PH175109004,Annual Crop,0,76.98187637,0,1,0,3,0,0,1073.958272
84,229,Malisbong,PH175109004,Annual Crop,0,100.6183446,1,1,0,1,0,0,1484.41223
85,230,Batong Buhay,PH175109017,Annual Crop,0,427.6791687,6,1,0,1,0,0,6844.106349
86,231,Batong Buhay,PH175109017,Brush/Shrubs,0,275.6437912,1,1,0,2,1,1,2439.819165
87,232,Batong Buhay,PH175109017,Brush/Shrubs,0,77.60093816,0,0,0,2,1,1,644.1924055
88,233,Batong Buhay,PH175109024,Brush/Shrubs,0,64.17419815,0,0,0,2,2,1,506.7771756
89,234,Batong Buhay,PH175109024,inland water,0,65.54134115,0,1,0,2,2,0,517.5733661
90,235,Malisbong,PH175109024,Annual Crop,0,95.55804062,0,1,0,1,1,0,831.908913
91,236,Malisbong,PH175109024,Annual Crop,0,187.3348637,2,1,0,1,2,0,1648.799359
92,237,Malisbong,PH175109024,Grassland,0,73.94545364,0,1,0,2,2,1,606.1234316
93,238,Pag-Asa,PH175109023,inland water,0,35.32730675,0,1,0,2,0,0,498.0602542
94,239,Pag-Asa,PH175109005,annual Crop,0,33.58775012,0,0,0,2,1,0,268.7472827
95,240,Pag-Asa,PH175109005,Brush/Shrubs,0,40.86975002,0,1,2,1,2,1,98.07913518
96,241,Pag-Asa,PH175109005,Built Up,0,249.9569626,1,1,3,2,0,0,1999.466549
97,258,Batong Buhay,PH175109007,,0,161.4356842,0,0,0,2,3,0,1202.573683
98,259,Batong Buhay,PH175109007,annual Crop,0,150.434227,0,1,0,2,3,0,1165.75142
99,260,Batong Buhay,PH175109007,Barren,0,145.3583145,0,0,0,2,0,0,2005.719378
100,261,Burgos,PH175109021,annual Crop,0,115.7382711,0,1,0,1,0,0,1678.540404
101,262,Burgos,PH175109021,annual Crop,0,134.5793406,2,1,0,3,0,0,1944.778281
102,263,Malisbong,PH175109004,annual Crop,0,258.8675537,1,1,0,1,0,0,3819.046758
103,264,Malisbong,PH175109017,annual Crop,0,254.1030121,0,1,0,1,0,0,3685.230206
104,265,Malisbong,PH175109017,annual Crop,0,179.5789261,0,1,0,2,1,0,1490.747188
105,266,Malisbong,PH175109017,Brush/Shrubs,0,84.96152242,0,1,0,1,1,1,765.1462323
106,267,Poblacion (Lumangbayan),PH175109001,Brush/Shrubs,0,52.87419128,0,0,0,2,1,1,438.9270707
107,268,Poblacion (Lumangbayan),PH175109001,Brush/Shrubs,0,34.95804787,0,0,0,1,1,1,304.3376718
108,269,Malisbong,PH175109024,Brush/Shrubs,0,52.36063131,0,0,0,2,2,1,413.4866288
109,270,Ligaya,PH175109024,Annual Crop,0,93.48990885,1,1,0,1,1,0,837.2766547
110,271,Pag-Asa,PH175109023,Open Forest,0,112.1362813,0,1,0,2,2,0,885.5289129
111,272,Pag-Asa,PH175109023,Open Forest,0,44.22051811,1,1,0,1,2,0,378.1450463
112,273,San Agustin,PH175109023,Annual Crop,0,28.87562752,1,1,0,1,1,0,258.6042612
113,274,Pag-Asa,PH175109005,Annual Crop,0,59.38480886,1,1,0,1,1,0,531.8382991
114,275,Burgos,PH175109008,Annual Crop,0,75.15876897,0,1,3,0,1,0,612.8214684
115,276,Burgos,PH175109008,Built Up,0,489.7289835,0,1,3,0,,0,
116,294,Malisbong,PH175109007,,0,144.0885627,0,1,0,2,3,0,1116.577324
117,295,Malisbong,PH175109007,Barren,0,136.225268,0,1,0,3,1,0,1110.738905
118,296,Malisbong,PH175109007,Brush/Shrubs,0,140.5917435,0,1,0,1,2,1,1209.278535
119,297,Ligaya,PH175109022,barren,0,211.7267202,2,1,0,3,0,0,3059.619144
120,298,Ligaya,PH175109004,Annual Crop,0,173.7971649,1,1,0,3,0,0,2468.057676
121,299,Malisbong,PH175109014,annual Crop,0,186.2113597,0,1,0,1,0,0,2700.604459
122,300,Ligaya,PH175109014,annual Crop,0,201.1806844,0,1,0,1,0,0,2917.703056
123,301,Malisbong,PH175109017,Brush/Shrubs,0,114.4351158,0,1,0,1,2,1,984.2962731
124,302,Ligaya,PH175109017,Brush/Shrubs,0,44.4528141,0,0,0,2,2,1,351.0393932
125,303,Claudio Salgado,PH175109001,Brush/Shrubs,0,28.25935555,0,0,0,2,2,1,223.1612829
126,304,Claudio Salgado,PH175109001,Annual Crop,0,54.77282715,0,1,0,2,1,0,454.6883081
127,305,Claudio Salgado,PH175109001,Built Up,0,186.9453913,1,1,0,2,2,0,1523.025263
128,306,San Agustin,PH175109023,Open Forest,0,46.21413803,0,1,0,2,2,0,364.9483908
129,307,San Agustin,PH175109023,Open Forest,0,26.57545853,0,0,0,1,2,0,212.6394963
130,308,Batong Buhay,PH175109023,Open Forest,0,26.94951916,0,1,0,0,1,0,390.8461424
131,309,Pag-Asa,PH175109008,Open Forest,0,24.38389778,0,0,0,0,1,0,346.3220264
132,310,Pag-Asa,PH175109008,Annual Crop,0,33.97217369,0,1,0,0,1,0,492.6949886
133,311,Pag-Asa,PH175109008,Built Up,1,203.3147863,5,1,2,0,0,0,0
134,312,Pag-Asa,PH175109008,Built Up,0,500.2253525,1,1,3,0,3,0,3927.563026
135,313,Batong Buhay,PH175109003,,0,51.93804889,0,0,3,0,2,0,386.8991608
136,329,Malisbong,PH175109007,,0,112.8196498,0,1,0,2,3,0,874.2669112
137,330,Malisbong,PH175109007,barren,0,124.8660787,0,0,0,3,2,0,930.1577956
138,331,Ligaya,PH175109007,Brush/Shrubs,0,175.9283009,0,0,0,1,2,1,1460.442078
139,332,Burgos,PH175109022,barren,0,151.6514562,0,1,0,3,0,0,2115.658172
140,333,Ligaya,PH175109004,Grassland,0,122.8277397,0,1,0,1,0,1,1818.20657
141,334,Ligaya,PH175109014,Built Up,0,343.697876,4,1,0,1,2,0,3196.853608
142,335,Burgos,PH175109014,Built Up,0,361.9338341,0,1,0,2,2,0,2858.155014
143,336,Burgos,PH175109014,Brush/Shrubs,0,110.1045284,0,1,0,2,2,1,902.5157235
144,337,Poblacion (Lumangbayan),PH175109001,Brush/Shrubs,0,41.91342036,0,0,0,2,2,1,330.9860567
145,338,Poblacion (Lumangbayan),PH175109001,Annual Crop,0,47.23997116,0,1,0,3,2,0,366.0740283
146,339,Batong Buhay,PH175109023,Grassland,0,114.9148226,0,1,0,3,2,1,924.9773617
147,340,Batong Buhay,PH175109023,Open Forest,0,141.0898104,0,1,0,3,2,0,1093.339263
148,341,Batong Buhay,PH175109023,Open Forest,0,22.27457476,0,0,0,2,2,0,169.2176997
149,342,Malisbong,PH175109023,Open Forest,0,17.96354294,1,1,0,0,2,0,257.7489907
150,343,Pag-Asa,PH175109008,Open Forest,0,18.67279466,0,0,0,0,1,0,265.2078082
151,344,Pag-Asa,PH175109008,Open Forest,0,14.28537893,1,0,0,0,1,0,206.4651324
152,345,Pag-Asa,PH175109008,Brush/Shrubs,0,23.55871987,0,1,0,0,1,1,348.7373402
153,346,Pag-Asa,PH175109008,Annual Crop,0,91.63367939,0,1,2,0,1,0,760.6830761
154,347,Batong Buhay,PH175109003,Brush/Shrubs,0,52.91871452,0,0,2,0,3,1,410.079992
155,348,Malisbong,PH175109003,Brush/Shrubs,0,133.9986038,0,0,2,0,2,1,1058.17347
156,349,Malisbong,PH175109003,,0,423.8084412,0,0,2,0,2,0,3219.630018
157,366,Burgos,PH175109011,barren,1,233.1816172,0,1,0,3,3,0,0
158,367,Burgos,PH175109011,Built Up,0,260.4488525,2,1,0,2,3,0,2148.505942
159,368,Burgos,PH175109004,Grassland,0,105.7088051,0,1,0,2,2,1,866.4844226
160,369,Burgos,PH175109014,Grassland,0,97.41366831,0,0,0,2,3,1,754.8822129
161,370,San Agustin,PH175109014,Brush/Shrubs,0,152.267189,0,0,0,1,2,1,1264.02295
162,371,San Agustin,PH175109014,Brush/Shrubs,0,131.9689941,0,1,0,2,2,1,1081.736545
163,372,Claudio Salgado,PH175109001,Brush/Shrubs,0,125.7727432,1,1,0,2,2,1,1062.389687
164,373,Claudio Salgado,PH175109001,inland water,0,102.8991941,0,1,0,2,2,0,812.5845661
165,374,Malisbong,PH175109023,Grassland,0,45.64625168,0,0,0,3,2,1,353.7239083
166,375,Malisbong,PH175109023,Built Up,0,183.7136002,1,1,0,3,2,0,1469.569779
167,376,Malisbong,PH175109023,Open Forest,0,36.0824337,0,1,0,2,2,0,284.9393427
168,377,Ligaya,PH175109023,Open Forest,0,15.88223743,0,0,0,1,2,0,127.0793113
169,378,Ligaya,PH175109023,Open Forest,0,13.74823221,0,0,0,0,3,0,187.674281
170,379,Pag-Asa,PH175109008,Open Forest,0,12.62824345,0,0,0,0,3,0,172.3855455
171,380,Pag-Asa,PH175109008,Brush/Shrubs,0,13.35993767,0,0,0,0,2,1,188.3544081
172,381,Pag-Asa,PH175109008,Brush/Shrubs,0,24.22939491,0,0,0,0,2,1,341.5969033
173,382,Malisbong,PH175109003,Brush/Shrubs,0,51.50092888,0,1,0,0,1,1,762.3630255
174,383,Ligaya,PH175109003,Annual Crop,0,140.3841019,1,1,2,0,3,0,1122.966581
175,384,Ligaya,PH175109003,Brush/Shrubs,0,254.2348251,0,1,3,0,2,1,2046.397953
176,385,Ligaya,PH175109003,,0,,0,0,3,0,0,0,
177,399,Burgos,PH175109011,,0,65.69467942,0,0,0,0,3,0,896.7845127
178,400,Pag-Asa,PH175109011,Brush/Shrubs,0,93.06293615,0,1,0,0,3,1,1326.2207
179,401,Pag-Asa,PH175109011,Open Forest,0,160.2734966,1,1,0,2,3,0,1282.066688
180,402,Pag-Asa,PH175109013,Open Forest,0,175.9719486,0,1,0,2,3,0,1363.649437
181,403,San Agustin,PH175109013,inland water,0,109.7009811,0,0,0,2,3,0,817.1892944
182,404,San Agustin,PH175109014,Grassland,0,194.6283989,0,1,0,2,3,1,1566.611329
183,405,San Agustin,PH175109014,Grassland,0,314.3540497,0,0,0,1,2,1,2609.562413
184,406,Claudio Salgado,PH175109001,Brush/Shrubs,0,135.6998444,0,0,0,3,2,1,1051.571105
185,407,Claudio Salgado,PH175109001,Brush/Shrubs,0,216.5746053,0,1,0,1,2,1,1862.833583
186,408,Claudio Salgado,PH175109001,inland water,0,68.17461586,0,0,0,3,2,0,507.8492979
187,409,Burgos,PH175109023,inland water,0,45.32822704,0,1,0,2,2,0,357.952441
188,410,Burgos,PH175109023,Open Forest,0,37.05409765,0,1,0,2,2,0,292.612475
189,411,Burgos,PH175109023,Open Forest,0,15.46136689,0,0,0,2,3,0,115.1754831
190,412,Pag-Asa,PH175109023,Open Forest,0,11.57266045,0,0,0,3,3,0,84.49879059
191,413,Pag-Asa,PH175109008,Open Forest,0,9.083059947,0,0,0,1,3,0,71.33555707
192,414,San Agustin,PH175109008,Brush/Shrubs,0,11.53627586,0,0,0,0,3,1,160.940204
193,415,San Agustin,PH175109008,Brush/Shrubs,0,17.98442221,0,0,0,0,1,1,260.8262508
194,416,Ligaya,PH175109003,Brush/Shrubs,0,23.18331003,0,0,0,0,1,1,336.2251934
195,417,Burgos,PH175109003,Brush/Shrubs,0,40.04743385,0,1,0,0,1,1,592.8181005
196,418,Ilvita,PH175109003,Brush/Shrubs,0,102.3540649,0,0,0,0,2,1,1443.033627
197,419,Ilvita,PH175109003,,0,,0,0,3,0,3,0,
198,431,Pag-Asa,PH175109011,,0,40.55147552,0,0,0,0,3,0,553.5598246
199,432,Pag-Asa,PH175109011,,0,59.89774786,0,0,0,0,3,0,817.6517962
200,433,Pag-Asa,PH175109011,,0,65.18899918,0,0,0,0,3,0,889.8815761
201,434,Pag-Asa,PH175109011,inland water,0,85.64774367,0,0,0,0,3,0,1169.159675
202,435,Pag-Asa,PH175109011,Brush/Shrubs,0,54.94699415,0,0,0,0,3,1,766.5541771
203,436,Pag-Asa,PH175109011,Open Forest,0,35.26499176,0,0,0,1,3,0,276.9603908
204,437,Pag-Asa,PH175109011,Brush/Shrubs,0,59.50079981,0,0,0,1,3,1,485.1512074
205,438,San Agustin,PH175109013,Open Forest,0,109.916441,1,1,0,2,3,0,879.2483502
206,439,San Agustin,PH175109013,Open Forest,0,78.78570684,0,1,0,2,2,0,622.1627873
207,440,San Agustin,PH175109013,inland water,0,423.6786194,0,1,0,3,2,0,3283.188687
208,441,Claudio Salgado,PH175109001,Brush/Shrubs,0,391.4488144,1,1,0,3,1,1,3407.049993
209,442,Ibud,PH175109001,Built Up,0,308.4035492,3,1,0,1,2,0,2791.467899
210,443,Ibud,PH175109001,Grassland,0,222.0179825,0,1,0,0,2,1,3196.714734
211,444,Pag-Asa,PH175109023,Open Forest,0,72.6302096,1,1,0,2,2,0,591.7109983
212,445,Pag-Asa,PH175109023,Open Forest,0,15.05509281,0,0,0,1,2,0,120.4610392
213,446,Pag-Asa,PH175109023,Open Forest,0,9.688328266,0,0,0,3,2,0,72.17071407
214,447,Pag-Asa,PH175109023,Open Forest,0,7.594075362,0,0,0,1,3,0,59.64153045
215,448,Pag-Asa,PH175109023,Open Forest,0,8.059304237,0,0,0,1,3,0,63.29529484
216,449,San Agustin,PH175109008,Brush/Shrubs,0,10.05222797,0,0,0,1,3,1,81.96277281
217,450,Batong Buhay,PH175109008,Brush/Shrubs,0,15.17900085,0,0,0,0,1,1,220.1395094
218,451,Ilvita,PH175109003,Built Up,0,17.47517967,0,0,0,0,1,0,248.198204
219,452,Lagnas,PH175109003,Brush/Shrubs,0,27.16820653,0,0,0,0,1,1,394.0177431
220,453,Paetan,PH175109003,Brush/Shrubs,0,55.31036568,0,1,0,0,1,1,818.753732
221,454,San Francisco,PH175109003,,0,60.86114222,0,0,0,0,3,0,830.8028938
222,464,Pag-Asa,PH175109011,,0,26.76913106,0,0,0,0,3,0,365.4198843
223,465,Pag-Asa,PH175109011,Brush/Shrubs,0,29.48088455,0,0,0,0,3,1,411.281737
224,466,Pag-Asa,PH175109011,Brush/Shrubs,0,42.53406048,0,0,0,0,3,1,593.3839009
225,467,Pag-Asa,PH175109011,inland water,0,62.74668439,0,0,0,0,3,0,856.5420409
226,468,San Agustin,PH175109011,Brush/Shrubs,0,31.9956007,0,0,0,0,3,1,446.3640231
227,469,San Agustin,PH175109011,Brush/Shrubs,0,29.45230993,0,0,0,0,3,1,410.8830984
228,470,San Agustin,PH175109011,Brush/Shrubs,0,23.31697337,0,0,0,0,3,1,325.290284
229,471,San Agustin,PH175109011,Grassland,0,24.62623787,0,0,0,1,3,1,200.7947637
230,472,San Agustin,PH175109013,Open Forest,0,43.94114685,0,0,0,1,3,0,345.1002423
231,473,San Agustin,PH175109013,Open Forest,0,54.96343803,0,0,0,1,2,0,439.7816039
232,474,San Agustin,PH175109013,Open Forest,0,152.6717364,0,0,0,2,2,0,1159.831796
233,475,San Agustin,PH175109013,Open Forest,0,488.1930745,0,0,0,3,3,0,3564.584353
234,476,Santo Niño,PH175109001,Grassland,0,132.6371307,0,1,0,3,2,1,1067.628531
235,477,Buenavista,PH175109001,Open Forest,0,118.6647619,0,1,0,0,3,0,1655.467607
236,478,Poblacion (Lumangbayan),PH175109001,Open Forest,0,61.13228798,1,1,0,0,2,0,877.1535538
237,479,Pag-Asa,PH175109023,Open Forest,0,10.26161067,0,0,0,2,2,0,77.95642214
238,480,Pag-Asa,PH175109023,Open Forest,0,7.021961451,0,0,0,1,2,0,56.18515836
239,481,Pag-Asa,PH175109023,Brush/Shrubs,0,7.034228166,0,0,0,1,2,1,58.39357706
240,482,Pag-Asa,PH175109023,Brush/Shrubs,0,8.320616961,0,0,0,1,2,1,69.07233833
241,483,Batong Buhay,PH175109008,Brush/Shrubs,0,8.534291744,0,0,0,1,1,1,74.29781233
242,484,Batong Buhay,PH175109008,Brush/Shrubs,0,10.61140919,0,0,0,0,2,1,149.6044178
243,485,San Francisco,PH175109003,Brush/Shrubs,0,11.47320867,0,0,0,0,2,1,161.7544543
244,486,San Francisco,PH175109003,Open Forest,0,17.01955128,0,0,0,0,3,0,232.3303826
245,487,Batong Buhay,PH175109003,Open Forest,0,45.09002876,2,1,0,0,1,0,676.4811271
246,488,Batong Buhay,PH175109003,,0,44.36927629,0,0,0,0,2,0,612.2272232
247,497,San Agustin,PH175109011,,0,16.32565451,0,0,0,0,3,0,222.8581409
248,498,Batong Buhay,PH175109011,Grassland,0,32.02089214,0,0,0,0,2,1,451.4449344
249,499,Batong Buhay,PH175109011,Brush/Shrubs,0,33.0113678,0,0,0,0,3,1,460.5347803
250,500,Batong Buhay,PH175109011,Grassland,0,18.07817745,0,0,0,0,3,1,252.2049232
251,501,Batong Buhay,PH175109011,Grassland,0,45.60326147,0,0,0,0,3,1,636.2016906
252,502,Malisbong,PH175109011,inland water,0,51.58086395,0,0,0,0,3,0,704.1197301
253,503,Malisbong,PH175109011,Brush/Shurbs,0,23.77998002,0,0,0,0,3,0,324.6156003
254,504,Malisbong,PH175109011,Grassland,0,17.10449028,0,0,0,0,3,1,238.6212144
255,505,Malisbong,PH175109011,Grassland,0,18.5015405,0,0,0,0,3,1,258.1111737
256,506,Malisbong,PH175109011,Brush/Shrubs,0,20.93030357,0,0,0,0,3,1,291.9943462
257,507,Ligaya,PH175109011,Grassland,0,21.66386223,0,0,0,0,3,1,302.2280716
258,508,San Agustin,PH175109013,Brush/Shrubs,0,29.41428566,0,0,0,0,3,1,410.3526296
259,509,Batong Buhay,PH175109013,Brush/Shrubs,0,54.97649002,0,0,0,0,3,1,766.9656679
260,510,Batong Buhay,PH175109013,inland water,0,230.2076111,0,0,0,3,3,0,1680.88097
261,511,Poblacion (Lumangbayan),PH175109001,inland water,0,230.7704525,0,1,0,1,2,0,1915.705872
262,512,Santa Lucia,PH175109001,Open/barren,0,67.4524676,1,1,0,0,1,0,995.1194115
263,513,Santa Lucia,PH175109001,Open Forest,0,68.83322906,0,1,0,0,2,0,970.4418116
264,514,Pag-Asa,PH175109023,Open Forest,0,34.21513621,0,1,0,0,2,0,482.3803738
265,515,Pag-Asa,PH175109023,Open Forest,0,10.69578218,0,0,0,0,2,0,147.5852115
266,516,Pag-Asa,PH175109023,Open Forest,0,11.02364314,0,0,0,0,3,0,150.4814778
267,517,Pag-Asa,PH175109023,Brush/Shrubs,0,9.456963857,0,0,0,1,2,1,78.50554954
268,518,Pag-Asa,PH175109023,Brush/Shurbs,0,8.093322754,0,0,0,0,2,0,111.6753062
269,519,Batong Buhay,PH175109008,Brush/Shrubs,0,10.2040267,0,0,0,0,2,1,143.8609563
270,520,Malisbong,PH175109008,Open Forest,0,11.76021862,0,0,0,0,2,0,162.2727841
271,521,Malisbong,PH175109003,Open Forest,0,10.52670701,0,0,0,0,3,0,143.6979052
272,522,Malisbong,PH175109003,Open Forest,0,30.48769887,0,0,0,0,3,0,416.1812862
273,523,Malisbong,PH175109003,Open Forest,0,34.87989757,0,0,0,0,1,0,495.3956466
274,530,Ligaya,PH175109011,Grassland,0,9.953575158,0,0,0,0,3,1,138.8602731
275,531,Burgos,PH175109011,Grassland,0,9.373583794,0,0,0,0,3,1,130.7689333
276,532,Burgos,PH175109011,Grassland,0,13.2830286,0,0,0,0,3,1,185.3087911
277,533,Burgos,PH175109011,inland water,0,32.6439724,0,0,0,0,2,0,450.4362083
278,534,Pag-Asa,PH175109011,inland water,0,57.65667597,0,0,0,0,3,0,787.0593863
279,535,Pag-Asa,PH175109011,inland water,0,69.65562248,0,0,0,0,2,0,961.139597
280,536,Pag-Asa,PH175109011,inland water,0,40.50039291,0,0,0,0,3,0,552.8625064
281,537,Pag-Asa,PH175109011,Grassland,0,13.14004771,0,0,0,0,3,1,183.3140942
282,538,Pag-Asa,PH175109011,Brush/Shrubs,0,21.14084053,0,0,0,0,3,1,294.9315038
283,539,Pag-Asa,PH175109011,Brush/Shrubs,0,16.70249875,0,0,0,0,3,1,233.0131135
284,540,Pag-Asa,PH175109011,Brush/Shrubs,0,17.56160927,0,0,0,0,3,1,244.9983871
285,541,Pag-Asa,PH175109011,Grassland,0,22.28523064,0,0,0,0,3,1,310.8966541
286,542,Batong Buhay,PH175109013,Grassland,0,28.8061657,0,0,0,0,3,1,401.8688736
287,543,Batong Buhay,PH175109013,Brush/Shrubs,0,38.81019688,0,0,0,0,3,1,541.4330482
288,544,Batong Buhay,PH175109013,inland water,0,69.23349889,0,0,0,0,3,0,945.0922071
289,545,Santa Lucia,PH175109001,Grassland,0,107.1382999,0,1,0,0,2,1,1542.625413
290,546,Santa Lucia,PH175109001,Brush/Shrubs,0,69.59517288,0,0,0,0,3,1,970.9078959
291,547,Claudio Salgado,PH175109001,Open Forest,0,67.4908193,0,0,0,0,3,0,921.3032476
292,548,Claudio Salgado,PH175109001,inland water,0,23.07027435,0,1,0,0,3,0,321.8486369
293,549,Pag-Asa,PH175109023,Mangrove Open Forest,0,16.8181661,0,0,0,0,3,0,229.581315
294,550,San Agustin,PH175109023,Mangrove Open Forest,0,15.42837286,0,0,0,0,3,0,210.6095343
295,551,San Agustin,PH175109023,Brush/Shrubs,0,15.62127781,0,0,0,0,3,1,217.9292233
296,552,San Agustin,PH175109023,Open Forest,0,7.478356361,0,0,0,0,2,0,103.1897234
297,553,Malisbong,PH175109008,Brush/Shrubs,0,8.774517218,0,0,0,0,2,1,123.7070889
298,554,Malisbong,PH175109008,Brush/Shrubs,0,10.85194159,0,0,0,0,2,1,152.9955517
299,555,Malisbong,PH175109003,Open Forest,0,9.687030315,0,0,0,0,2,0,133.6659997
300,556,Ligaya,PH175109003,Open Forest,0,25.04508146,0,0,0,0,2,0,345.5832946
301,557,Ligaya,PH175109003,Open Forest,0,29.55070496,0,0,0,0,3,0,403.3905756
302,564,Pag-Asa,PH175109011,Grassland,0,13.25209595,0,0,0,0,3,1,184.877256
303,565,Pag-Asa,PH175109011,Grassland,0,13.19527404,0,0,0,0,3,1,184.0845453
304,566,Pag-Asa,PH175109011,Grassland,0,12.48338771,0,0,0,0,3,1,174.153166
305,567,Pag-Asa,PH175109011,Grassland,0,10.76484394,0,0,0,0,3,1,150.1781165
306,568,San Agustin,PH175109011,inland water,0,38.36341906,0,0,0,0,3,0,523.6911173
307,569,San Agustin,PH175109011,Brush/Shrubs,0,18.8752284,0,0,0,0,3,1,263.3244165
308,570,San Agustin,PH175109011,Brush/Shrubs,0,15.12416172,0,0,0,0,2,1,213.2272319
309,571,San Agustin,PH175109011,Open Forest,0,32.03367996,0,0,0,0,3,0,437.285155
310,572,San Agustin,PH175109011,Frrest,0,8.738948464,0,0,0,0,3,0,119.2935822
311,573,San Agustin,PH175109011,Open Forest,0,11.22783422,0,0,0,0,3,0,153.2688481
312,574,Batong Buhay,PH175109011,Open Forest,0,14.46012163,0,0,0,0,3,0,197.3921365
313,575,Batong Buhay,PH175109011,Grassland,0,17.60952425,0,0,0,0,3,1,245.6668391
314,576,Batong Buhay,PH175109011,Brush/Shrubs,0,23.1179781,0,0,0,0,3,1,322.5141421
315,577,Batong Buhay,PH175109011,Brush/Shrubs,0,26.02401781,0,0,0,0,3,1,363.0557024
316,578,Malisbong,PH175109013,Grassland,0,29.01051712,0,0,0,0,3,1,404.719738
317,579,Malisbong,PH175109013,Grassland,0,32.25636864,0,0,0,0,3,1,450.0019428
318,580,Claudio Salgado,PH175109001,inland water,0,80.13180065,0,0,0,0,3,0,1093.862676
319,581,Claudio Salgado,PH175109001,Brush/Shubs,0,43.98254967,0,0,0,0,3,0,600.3967098
320,582,Claudio Salgado,PH175109001,Open Forest,0,71.35978317,0,0,0,0,3,0,974.117675
321,583,Claudio Salgado,PH175109001,Brush/Shrubs,0,115.3449173,0,0,0,0,3,1,1609.15314
322,584,Batong Buhay,PH175109023,inland water,0,25.88762474,0,0,0,0,3,0,353.3866234
323,585,Batong Buhay,PH175109023,Open Forest,0,8.557737708,0,0,0,0,3,0,116.8199116
324,586,Batong Buhay,PH175109023,Forres,0,7.714458704,0,0,0,0,3,0,105.3084839
325,587,Batong Buhay,PH175109023,Open Forest,0,8.511311412,0,0,0,0,3,0,116.1861558
326,588,Malisbong,PH175109023,Open Forest,0,9.326463699,0,0,0,0,3,0,127.3136314
327,589,Malisbong,PH175109008,Brush/Shrubs,0,10.28826118,0,0,0,0,3,1,143.5294087
328,590,Ligaya,PH175109008,Open Forest,0,11.16886091,0,0,0,0,3,0,152.4638156
329,591,Ligaya,PH175109003,Open Forest,0,23.03466082,0,0,0,0,2,0,317.8426067
330,592,Ligaya,PH175109003,Open Forest,0,34.17290974,0,0,0,0,2,0,471.5331732
331,593,Burgos,PH175109003,Open Forest,0,35.14398855,0,0,0,0,3,0,479.7433358
332,597,Malisbong,PH175109011,,0,9.373703962,0,0,0,0,3,0,127.9584985
333,598,Malisbong,PH175109011,Grassland,0,10.45425892,0,0,0,0,3,1,145.845209
334,599,Malisbong,PH175109011,Grassland,0,11.7732501,0,0,0,0,3,1,164.2461827
335,600,Malisbong,PH175109011,Grassland,0,11.42050409,0,0,0,0,3,1,159.3250959
336,601,Ligaya,PH175109011,Grassland,0,14.99301386,0,0,0,0,3,1,209.1644426
337,602,Ligaya,PH175109011,inland water,0,36.39029694,0,0,0,0,3,0,496.7564344
338,603,Ligaya,PH175109011,Brush/Shrubs,0,10.98594284,0,0,0,0,3,1,153.2626216
339,604,Burgos,PH175109011,Brush/Shrubs,0,9.571638743,0,0,0,0,3,1,133.531957
340,605,Burgos,PH175109011,Marshland/Swamp,0,17.34794283,0,0,0,0,2,0,239.374715
341,606,Burgos,PH175109011,Open Forest,0,9.186799049,0,0,0,0,3,0,125.4070981
342,607,Pag-Asa,PH175109011,Open Forest,0,6.894303799,0,0,0,0,3,0,94.11271853
343,608,Pag-Asa,PH175109011,Open Forest,0,7.362136126,0,0,0,0,3,0,100.4990011
344,609,Pag-Asa,PH175109011,Grassland,0,11.87354183,0,0,0,0,3,1,165.645332
345,610,Pag-Asa,PH175109011,Grassland,0,14.94124651,0,0,0,0,3,1,208.4422469
346,611,Pag-Asa,PH175109011,Grassland,0,16.00314426,0,0,0,0,3,1,223.2565633
347,612,Malisbong,PH175109013,Grassland,0,18.0083437,0,0,0,0,3,1,251.230687
348,613,Malisbong,PH175109013,inland water,0,32.20292854,0,0,0,0,3,0,439.5955325
349,614,Malisbong,PH175109013,inland water,0,44.62029839,0,0,0,0,3,0,609.102486
350,615,Ibud,PH175109001,Brush/Shrubs,0,55.73069763,0,0,0,0,3,1,777.4874627
351,616,Ibud,PH175109001,Grassland,0,53.82970047,0,0,0,0,3,1,750.9670435
352,617,Santo Niño,PH175109001,Grasland,0,133.9306819,0,0,0,0,3,0,1828.260102
353,618,Santo Niño,PH175109001,Brush/Shrubs,0,22.58031178,0,0,0,0,3,1,315.0132702
354,619,Malisbong,PH175109023,inland water,0,14.26195621,0,0,0,0,3,0,194.6870213
355,620,Malisbong,PH175109023,Brush/Shrubs,0,7.605906487,0,0,0,0,3,1,106.1084319
356,621,Malisbong,PH175109023,Open Forest,0,6.028832197,0,0,0,0,3,0,82.29834428
357,622,Malisbong,PH175109023,Open Forest,0,7.644165754,0,0,0,0,3,0,104.3489293
358,623,Ligaya,PH175109008,Grassland,0,10.99455579,0,0,0,0,3,1,153.3827791
359,624,Burgos,PH175109008,Brush/Shrubs,0,10.72206688,0,0,0,0,3,1,149.5813426
360,625,Burgos,PH175109003,Open Forest,0,22.38230848,0,0,0,0,3,0,305.5362745
361,626,Burgos,PH175109003,Brush/Shrubs,0,28.72662735,0,0,0,0,3,1,400.7592504
362,627,Pag-Asa,PH175109003,Brush/Shrubs,0,31.11404419,0,0,0,0,1,1,451.2438264
363,631,Pag-Asa,PH175109011,,0,8.859739591,0,0,0,0,3,0,120.942477
364,632,Pag-Asa,PH175109011,Open Forest,0,8.704459349,0,0,0,0,3,0,118.8227784
365,633,Pag-Asa,PH175109011,Grassland,0,10.25004959,0,0,0,0,3,1,142.9963267
366,634,Pag-Asa,PH175109011,Grassland,0,11.57293129,0,0,0,0,3,1,161.4515764
367,635,Pag-Asa,PH175109011,Grassland,0,12.43424129,0,0,0,0,3,1,173.4675344
368,636,Pag-Asa,PH175109011,Grassland,0,10.82090783,0,0,0,0,3,1,150.9602523
369,637,San Agustin,PH175109011,inland water,0,18.56128097,0,0,0,0,3,0,253.3762164
370,638,San Agustin,PH175109011,inland water,0,18.29280472,0,0,0,0,3,0,249.7113025
371,639,San Agustin,PH175109011,Open Forest,0,9.776567459,0,0,0,0,3,0,133.457905
372,640,San Agustin,PH175109011,Open Forest,0,10.29615529,0,0,0,0,2,0,142.07098
373,641,San Agustin,PH175109011,Open Forest,0,11.17216849,0,0,0,0,3,0,152.5089667
374,642,San Agustin,PH175109011,Open Forest,0,7.874338865,0,0,0,0,3,0,107.490975
375,643,Batong Buhay,PH175109011,Open Forest,0,6.278117657,0,0,0,0,2,0,86.62829015
376,644,Batong Buhay,PH175109011,Grasslad,0,9.302407265,0,0,0,0,3,0,126.985242
377,645,Batong Buhay,PH175109011,Grassland,0,12.54159141,0,0,0,0,3,1,174.9651538
378,646,Batong Buhay,PH175109011,Grassland,0,12.50459838,0,0,0,0,3,1,174.4490717
379,647,Ligaya,PH175109013,Grassland,0,14.70704794,0,0,0,0,3,1,205.174991
380,648,Ligaya,PH175109013,inland water,0,26.84177017,0,0,0,0,3,0,366.4114658
381,649,Burgos,PH175109013,inland water,0,61.57376734,0,0,0,0,2,0,849.6225261
382,650,Poblacion (Lumangbayan),PH175109001,Brush/Shrubs,0,29.01872921,0,0,0,0,3,1,404.8343032
383,651,Poblacion (Lumangbayan),PH175109001,Brush/Shrubs,0,46.22477245,0,0,0,0,3,1,644.872262
384,652,Santa Lucia,PH175109001,Grassland,0,129.7629369,0,0,0,0,3,1,1810.295956
385,653,Santa Lucia,PH175109001,Grassland,0,186.6681137,0,0,0,0,3,1,2604.168335
386,654,Ligaya,PH175109023,Grassland,0,19.32772319,0,0,0,0,3,1,269.637078
387,655,Ligaya,PH175109023,Brush/Shrubs,0,9.685738444,0,0,0,0,3,1,135.1237384
388,656,Burgos,PH175109023,Brush/Shrubs,0,7.757593751,0,0,0,0,3,1,108.2245896
389,657,Burgos,PH175109023,Grassland,0,7.52592357,0,0,0,0,3,1,104.9926068
390,658,Burgos,PH175109023,Grassland,0,9.341204643,0,0,0,0,3,1,130.3172184
391,659,Burgos,PH175109008,Brush/Shrubs,0,9.074832598,0,0,0,0,3,1,126.601117
392,660,Burgos,PH175109008,Grassland,0,11.29480851,0,0,0,0,3,1,157.5715428
393,661,Pag-Asa,PH175109003,Brush/Shrubs,0,31.41760969,0,0,0,0,3,1,438.3005898
394,662,Paetan,PH175109003,Brush/Shrubs,0,31.46425184,0,0,0,0,1,1,456.3228524
395,663,San Francisco,PH175109003,Brush/Shrubs,0,28.67532506,0,0,0,0,3,1,400.0435428
396,666,Malisbong,PH175109011,Open Forest,0,8.828904152,0,0,0,0,3,0,120.5215487
397,667,Malisbong,PH175109011,Open Forest,0,8.91038243,0,0,0,0,3,0,121.6337919
398,668,Malisbong,PH175109011,Open Forest,0,8.403087934,0,0,0,0,3,0,114.7088194
399,669,Malisbong,PH175109011,Grassland,0,9.346096516,0,0,0,0,3,1,130.3854639
400,670,Malisbong,PH175109011,Grassland,0,11.57672596,0,0,0,0,3,1,161.504515
401,671,Ligaya,PH175109011,Grassland,0,19.01048565,0,0,0,0,2,1,268.018374
402,672,Ligaya,PH175109011,Open Forest,0,7.830701351,0,0,0,0,2,0,108.051538
403,673,Burgos,PH175109011,open foret,0,7.334351778,0,0,0,0,2,0,101.2026834
404,674,Burgos,PH175109011,Open Forest,0,9.326532682,0,0,0,0,3,0,127.3145731
405,675,Burgos,PH175109011,Brush/Shrubs,0,12.88539028,0,0,0,0,3,1,179.7614209
406,676,Pag-Asa,PH175109011,Open Forest,0,10.61291313,0,0,0,0,2,0,146.4417471
407,677,Pag-Asa,PH175109011,Open Forest,0,7.374226888,0,0,0,0,3,0,100.6640496
408,678,Pag-Asa,PH175109011,Brush/Shrubs,0,7.672729254,0,0,0,0,3,1,107.0406626
409,679,Pag-Asa,PH175109011,Brush/Shrubs,0,9.876070976,0,0,0,0,3,1,137.7790283
410,680,Pag-Asa,PH175109011,Grassland,0,10.79840406,0,0,0,0,3,1,150.6463068
411,681,Burgos,PH175109013,Grassland,0,12.73338795,0,0,0,0,3,1,177.6408678
412,682,Burgos,PH175109013,Grassland,0,17.82464695,0,0,0,0,3,1,248.6679715
413,683,Pag-Asa,PH175109013,inland water,0,32.474226,0,0,0,0,3,0,443.2989581
414,684,Pag-Asa,PH175109013,Brush/Shrubs,0,38.8419075,0,1,0,0,3,1,553.5280088
415,685,Santa Lucia,PH175109001,Grassland,0,39.02647146,0,0,0,0,3,1,544.4502503
416,686,Santa Lucia,PH175109001,Grassland,0,90.13613892,0,0,0,0,3,1,1257.470675
417,687,Santa Lucia,PH175109001,Grassland,0,84.55880737,0,0,0,0,3,1,1179.662473
418,688,San Nicolas,PH175109001,Grassland,0,13.38884115,0,0,0,0,3,1,186.7849601
419,689,Pag-Asa,PH175109023,Grassland,0,11.03628508,0,0,0,0,3,1,153.9649358
420,690,Pag-Asa,PH175109023,Brush/Shrubs,0,8.206715584,0,0,0,0,3,1,114.4901957
421,691,Pag-Asa,PH175109023,Grassland,0,8.014149666,0,0,0,0,3,1,111.8037483
422,692,Pag-Asa,PH175109023,Grassland,0,6.782148838,0,0,0,0,3,1,94.61635895
423,693,Pag-Asa,PH175109008,Grassland,0,8.225261211,0,0,0,0,3,1,114.7489219
424,694,Pag-Asa,PH175109008,Brush/Shrubs,0,9.625121117,0,0,0,0,3,1,134.2780786
425,695,San Francisco,PH175109003,bruh/shrubs,0,18.98759747,0,0,0,0,3,0,259.195775
426,696,San Francisco,PH175109003,Brush/Shrubs,0,22.61660639,0,0,0,0,3,1,315.5196088
427,697,Batong Buhay,PH175109003,Brush/Shrubs,0,26.31115532,0,0,0,0,3,1,367.0614986
428,698,Batong Buhay,PH175109003,,0,14.87007427,0,0,0,0,3,0,202.9883154
429,701,Pag-Asa,PH175109011,Open Forest,0,8.981671914,0,0,0,0,3,0,122.6069499
430,702,Pag-Asa,PH175109011,Open Forest,0,6.157949289,0,0,0,0,3,0,84.06089506
431,703,Pag-Asa,PH175109011,Open Forest,0,5.067518075,0,0,0,0,3,0,69.17564356
432,704,Pag-Asa,PH175109011,Brush/Shrubs,0,7.492610216,0,0,0,0,3,1,104.527859
433,705,San Agustin,PH175109011,Brush/Shrubs,0,9.523451487,0,0,0,0,3,1,132.8597065
434,706,San Agustin,PH175109011,Grassland,0,13.33504645,0,0,0,0,3,1,186.0344813
435,707,San Agustin,PH175109011,Open Forest,0,9.911433856,0,0,0,0,2,0,136.7624206
436,708,San Agustin,PH175109011,Closed Forest,0,5.697745323,0,0,0,0,2,0,78.62005174
437,709,San Agustin,PH175109011,Open Forest,0,8.817282677,0,0,0,0,3,0,120.3629064
438,710,San Agustin,PH175109011,Brush/Shrubs,0,9.379762014,0,0,0,0,2,1,132.2401021
439,711,San Agustin,PH175109011,Brush/Shrubs,0,9.297629674,0,0,0,0,2,1,131.0821635
440,712,San Agustin,PH175109011,Brush/Shrubs,0,7.551606814,0,0,0,0,2,1,106.4659482
441,713,Batong Buhay,PH175109011,Open Forest,0,5.337560813,0,0,0,0,3,0,72.86194126
442,714,Batong Buhay,PH175109011,Brush/Shrubs,0,8.614073277,0,0,0,0,2,1,121.4450781
443,715,Batong Buhay,PH175109011,Grassland,0,9.912289619,0,0,0,0,3,1,138.2843071
444,716,Pag-Asa,PH175109013,Grassland,0,10.4498601,0,0,0,0,3,1,145.7838419
445,717,Pag-Asa,PH175109013,marshland,0,15.45304934,0,0,0,0,3,0,210.9463878
446,718,San Agustin,PH175109013,Grassland,0,23.68988323,0,0,0,0,3,1,330.4926726
447,719,San Agustin,PH175109013,Grassland,0,21.54078801,0,0,0,0,3,1,300.5110886
448,720,San Nicolas,PH175109001,Grassland,0,37.18618393,0,0,0,0,3,1,518.7767787
449,721,Claudio Salgado,PH175109001,Grassland,0,50.28224564,0,0,0,0,3,1,701.4772332
450,722,Claudio Salgado,PH175109001,Grassland,0,87.2122612,0,0,0,0,3,1,1216.68026
451,723,Claudio Salgado,PH175109001,Brush/Shrubs,0,29.97346973,0,0,0,0,3,1,418.1536912
452,724,Pag-Asa,PH175109023,Brush/Shrubs,0,9.941796621,0,0,0,0,3,1,138.6959532
453,725,Pag-Asa,PH175109023,Brush/Shrubs,0,9.4255174,0,0,0,0,3,1,131.4934483
454,726,Pag-Asa,PH175109023,Grassland,0,8.630241712,0,0,0,0,3,1,120.3987213
455,727,Pag-Asa,PH175109023,Grassland,0,8.63316981,0,0,0,0,3,1,120.4395706
456,728,Pag-Asa,PH175109023,Brush/Shrubs,0,8.359398603,0,0,0,0,3,1,116.620245
457,729,Pag-Asa,PH175109008,Brush/Shrubs,0,8.311197758,0,0,0,0,2,1,117.1750028
458,730,Pag-Asa,PH175109008,Brush/Shrubs,0,18.52945582,0,0,0,0,3,1,258.5006146
459,731,Malisbong,PH175109003,Brush/Shrubs,0,19.28867213,0,0,0,0,3,1,269.0922847
460,732,Malisbong,PH175109003,Grassland,0,23.4315052,0,0,0,0,3,1,326.888094
461,733,Malisbong,PH175109003, Brush/Shrubs,0,13.6157999,0,0,0,0,3,0,185.8664748
462,736,Batong Buhay,PH175109011,,0,8.788263096,0,0,0,0,3,0,119.9667661
463,737,Malisbong,PH175109011,Open Forest,0,5.913771629,0,0,0,0,3,0,80.72767621
464,738,Malisbong,PH175109011,Open Forest,0,5.543012142,0,0,0,0,3,0,75.66651495
465,739,Malisbong,PH175109011,Open Forest,0,6.670318365,0,0,0,0,3,0,91.05513959
466,740,Malisbong,PH175109011,Brush/Shrubs,0,10.76697795,0,0,0,0,3,1,150.2078876
467,741,Ligaya,PH175109011,inland water,0,11.8708396,0,0,0,0,3,0,162.0463818
468,742,Ligaya,PH175109011,Open Forest,0,5.803814054,0,0,0,0,3,0,79.22666804
469,743,Ligaya,PH175109011,open fores,0,4.560610294,0,0,0,0,2,0,62.92935134
470,744,Burgos,PH175109011,Open Forest,0,5.387404283,0,0,0,0,2,0,74.33782654
471,745,Burgos,PH175109011,Brush/Shrubs,0,7.104698896,0,0,0,0,2,1,100.1652394
472,746,Burgos,PH175109011,Open Forest,0,8.235153794,0,0,0,0,2,0,113.6323547
473,747,Pag-Asa,PH175109011,Open Forest,0,5.642403444,0,0,0,0,2,0,77.85641961
474,748,Pag-Asa,PH175109011,Open Forest,0,5.479921103,0,0,0,0,3,0,74.8052722
475,749,Pag-Asa,PH175109011,Grassland,0,9.538972537,0,0,0,0,3,1,133.0762375
476,750,San Agustin,PH175109013,Grassland,0,9.710916281,0,0,0,0,3,1,135.4749892
477,751,San Agustin,PH175109013,Grassland,0,11.11250806,0,0,0,0,3,1,155.0283069
478,752,San Agustin,PH175109013,marshland/swamp,0,16.05635548,0,0,0,0,3,0,219.1819954
479,753,San Agustin,PH175109013,marshland/swamp,0,17.01358604,0,0,0,0,3,0,232.2489523
480,754,San Agustin,PH175109013,Grassland ,0,19.00072352,0,0,0,0,3,0,259.374956
481,755,Victoria,PH175109001,Grassland,0,25.33945942,0,0,0,0,3,1,353.5055696
482,756,Tagumpay,PH175109001,Grassland,0,33.50107861,0,0,0,0,3,1,467.3666348
483,757,Tagumpay,PH175109001,Grassland,0,35.16949526,0,0,0,0,3,1,490.6423712
484,758,Ibud,PH175109001,Grassland,0,31.25879717,0,0,0,0,3,1,436.0850291
485,759,Pag-Asa,PH175109023,Grassland,0,8.532045682,0,0,0,0,3,1,119.0288087
486,760,Pag-Asa,PH175109023,Grassland,0,7.711214662,0,0,0,0,3,1,107.5775645
487,761,Pag-Asa,PH175109023,Grassland,0,8.537082195,0,0,0,0,3,1,119.0990721
488,762,Pag-Asa,PH175109023,Grassland,0,7.849155903,0,0,0,0,3,1,109.5019543
489,763,Pag-Asa,PH175109008,Brush/Shrubs,0,7.425451597,0,0,0,0,3,1,103.590943
490,764,Pag-Asa,PH175109008,Brush/Shrubs,0,15.73624992,0,0,0,0,3,1,219.5331755
491,765,Malisbong,PH175109003,Brush/Shrubs,0,16.18002391,0,0,0,0,3,1,225.7241748
492,766,Malisbong,PH175109003,Grassland,0,19.01361338,0,0,0,0,3,1,265.2549968
493,767,Ligaya,PH175109003,Grassland,0,22.53149319,0,0,0,0,3,1,314.3322121
494,768,Ligaya,PH175109003,,0,11.89629473,0,1,0,0,3,0,165.962753
495,772,Pag-Asa,PH175109011,Annual Crop,0,8.59630374,0,0,0,0,3,0,117.3463685
496,773,Pag-Asa,PH175109011,Open Forest,0,7.521201611,0,0,0,0,3,0,102.6703712
497,774,Pag-Asa,PH175109011,close forest,0,4.698061228,0,0,0,0,3,0,64.13226438
498,775,Pag-Asa,PH175109011,Brush/Shrubs,0,6.895697117,0,0,0,0,3,1,96.20044756
499,776,Pag-Asa,PH175109011,close forest,0,10.53162766,0,0,0,0,3,0,143.765076
500,777,San Agustin,PH175109011,close forest,0,4.954045534,0,0,0,0,3,0,67.62665332
501,778,San Agustin,PH175109011,close forest,0,4.907727003,0,0,0,0,3,0,66.99436861
502,779,San Agustin,PH175109011,Open Forest,0,4.526484728,0,0,0,0,2,0,62.45847144
503,780,San Agustin,PH175109011,Open Forest,0,4.518235922,0,0,0,0,3,0,61.67750624
504,781,San Agustin,PH175109011,Open Forest,0,5.147313833,0,0,0,0,2,0,71.02495056
505,782,San Agustin,PH175109011,Open Forest,0,4.66847086,0,0,0,0,3,0,63.72833237
506,783,San Agustin,PH175109011,Open Forest,0,4.82603089,0,0,0,0,2,0,66.59174406
507,784,San Agustin,PH175109011,Open Forest,0,7.774183273,0,0,0,0,3,0,106.1237717
508,785,San Agustin,PH175109013,Brush/Shrubs,0,9.989846706,0,0,0,0,3,1,139.36629
509,786,San Agustin,PH175109013,Brush/Shrubs,0,11.09543896,0,0,0,0,3,1,154.7901794
510,787,San Agustin,PH175109013,Brush/Shrubs,0,12.6544342,0,0,0,0,3,1,176.5394003
511,788,Batong Buhay,PH175109013,Grassland,0,10.03569269,0,0,0,0,3,1,140.0058779
512,789,Batong Buhay,PH175109013,Grassland,0,12.87547588,0,0,0,0,3,1,179.6231072
513,790,Santo Niño,PH175109001,Grassland,0,14.88522577,0,0,0,0,3,1,207.6607132
514,791,Santo Niño,PH175109001,Grassland,0,19.08258057,0,0,0,0,3,1,266.2171439
515,792,Santo Niño,PH175109001,Grassland,0,24.1137495,0,0,0,0,3,1,336.4059434
516,793,Tuban,PH175109001,Grassland,0,43.33654785,0,0,0,0,3,1,604.5792366
517,794,Pag-Asa,PH175109023,Grassland,0,37.50471846,0,0,0,0,3,1,523.2205882
518,795,Pag-Asa,PH175109023,Grassland,0,10.71815681,0,0,0,0,3,1,149.526794
519,796,San Agustin,PH175109023,Grassland,0,7.846365452,0,0,0,0,3,1,109.4630253
520,797,San Agustin,PH175109023,Brush/Shrubs,0,7.918413877,0,0,0,0,3,1,110.468158
521,798,San Agustin,PH175109023,Open Forest,0,6.214098454,0,0,0,0,3,0,84.82737572
522,799,Pag-Asa,PH175109008,Brush/Shrubs,0,12.819942,0,0,0,0,3,1,178.8483655
523,800,Pag-Asa,PH175109008,Grassland,0,18.24327469,0,0,0,0,3,1,254.5081607
524,801,Ligaya,PH175109003,Grassland,0,15.80478048,0,0,0,0,3,1,220.4892312
525,802,Burgos,PH175109003,Grassland,0,20.186903,0,0,0,0,3,1,281.6233182
526,803,Burgos,PH175109003,Brush/Shrubs,0,12.59914112,0,1,0,0,3,1,179.5477603
527,807,Batong Buhay,PH175109011,,0,11.57294851,0,0,0,0,3,0,157.979932
528,808,Batong Buhay,PH175109011,Open Forest,0,5.863454223,0,0,0,0,3,0,80.04080368
529,809,Batong Buhay,PH175109011,Closed Forest,0,4.530768156,0,0,0,0,3,0,61.84858118
530,810,Batong Buhay,PH175109011,Open Forest,0,6.207545042,0,0,0,0,3,0,84.73791645
531,811,Malisbong,PH175109011,Closed Forest,0,5.841021061,0,0,0,0,3,0,79.73457321
532,812,Malisbong,PH175109011,Closed Forest,0,7.419038773,0,0,0,0,2,0,102.3712327
533,813,Malisbong,PH175109011,Open Forest,0,5.692498922,0,0,0,0,3,0,77.70712814
534,814,Malisbong,PH175109011,Open Forest,0,5.259918451,0,0,0,0,3,0,71.80206139
535,815,Malisbong,PH175109011,Open Forest,0,6.285950541,0,0,0,0,3,0,85.80821373
536,816,Ligaya,PH175109011,Open Forest,0,7.065733314,0,0,0,0,2,0,97.49616511
537,817,Ligaya,PH175109011,Open Forest,0,5.918736339,0,0,0,0,3,0,80.79544844
538,818,Burgos,PH175109011,Open Forest,0,5.891236544,0,0,0,0,3,0,80.42005441
539,819,Batong Buhay,PH175109013,Open Forest,0,6.986402869,0,0,0,0,3,0,95.36994393
540,820,Batong Buhay,PH175109013,Brush/Shrubs,0,6.558426559,0,0,0,0,3,1,91.4952556
541,821,Batong Buhay,PH175109013,Brush/Shrubs,0,5.932031989,0,0,0,0,3,1,82.75655421
542,822,Malisbong,PH175109013,Grassland,0,3.995274365,0,0,0,0,3,1,55.73724824
543,823,Malisbong,PH175109013,Grassland,0,3.338543296,0,0,0,0,3,1,46.57532862
544,824,Malisbong,PH175109013,Grassland,0,4.054455459,0,0,0,0,3,1,56.56287147
545,825,Santa Lucia,PH175109001,Grassland,0,14.25667191,0,0,0,0,3,1,198.891888
546,826,Santa Lucia,PH175109001,Grassland,0,20.24526691,0,0,0,0,3,1,282.4375411
547,827,Santa Lucia,PH175109001,Grassland,0,29.53644419,0,0,0,0,3,1,412.0568381
548,828,Santa Lucia,PH175109001,Grassland,0,48.05089569,0,0,0,0,3,1,670.3481305
549,829,San Agustin,PH175109023,Open Forest,0,40.32843876,0,0,0,0,3,0,550.5151958
550,830,Batong Buhay,PH175109023,Grassland,0,8.114606261,0,0,0,0,3,1,113.2051975
551,831,Batong Buhay,PH175109023,Grassland,0,7.245854378,0,0,0,0,3,1,101.0854193
552,832,Batong Buhay,PH175109023,Grassland,0,7.149304867,0,0,0,0,3,1,99.73847695
553,833,Pag-Asa,PH175109008,Grassland,0,10.66420209,0,0,0,0,3,1,148.7740828
554,834,Pag-Asa,PH175109008,Grassland,0,16.88325357,0,0,0,0,3,1,235.5347867
555,835,Pag-Asa,PH175109008,Grassland,0,18.40709686,0,0,0,0,3,1,256.79361
556,836,Burgos,PH175109003,Grassland,0,18.86385679,0,0,0,0,2,1,265.9511344
557,837,Burgos,PH175109003,Grassland,0,19.4872694,0,1,0,0,3,1,277.709055
558,838,Pag-Asa,PH175109003,,0,10.48974609,0,0,0,0,3,0,143.1933593
559,843,Burgos,PH175109011,,0,11.79453252,0,0,0,0,3,0,161.0047296
560,844,Burgos,PH175109011,Open Forest,0,9.103599548,1,0,0,0,3,0,126.5472588
561,845,Pag-Asa,PH175109011,Closed Forest,0,5.781109492,0,0,0,0,3,0,78.91673275
562,846,Pag-Asa,PH175109011,Closed Forest,0,5.91167593,0,0,0,0,3,0,80.69906825
563,847,Pag-Asa,PH175109011,Closed Forest,0,7.314162493,0,0,0,0,3,0,99.84412292
564,848,Pag-Asa,PH175109011,Open Forest,0,7.688767115,0,0,0,0,3,0,104.9577733
565,849,Pag-Asa,PH175109011,Open Forest,0,7.316633701,0,0,0,0,3,0,99.87785687
566,850,Pag-Asa,PH175109011,Open Forest,0,6.179512024,0,0,0,0,3,0,84.3552435
567,851,Pag-Asa,PH175109011,Open Forest,0,7.344872713,0,0,0,0,3,0,100.2633418
568,852,San Agustin,PH175109011,Open Forest,0,7.442224503,0,0,0,0,3,0,101.592271
569,853,San Agustin,PH175109011,Open Forest,0,5.461162965,0,0,0,0,3,0,74.54920873
570,854,Malisbong,PH175109013,Open Forest,0,2.655557513,0,0,0,0,3,0,36.25046764
571,855,Ligaya,PH175109013,Open Forest,0,1.725044549,0,0,0,0,3,0,23.54822718
572,856,Ligaya,PH175109013,Open Forest,0,2.729035735,0,0,0,0,3,0,37.25350368
573,857,Burgos,PH175109013,Open Forest,0,3.372220755,0,0,0,0,3,0,46.03348967
574,858,Burgos,PH175109013,Open Forest,0,3.14249742,0,0,0,0,3,0,42.89758383
575,859,Burgos,PH175109013,Grassland,0,4.311865727,0,0,0,0,3,1,60.15394901
576,860,Santa Lucia,PH175109001,Grassland,0,3.887423754,0,0,0,0,3,1,54.23264663
577,861,San Nicolas,PH175109001,Grassland,0,12.67021513,0,0,0,0,3,1,176.7595568
578,862,San Nicolas,PH175109001,Grassland,0,15.65327644,0,0,0,0,3,1,218.3756296
579,863,Claudio Salgado,PH175109001,Grassland,0,40.0592041,0,0,0,0,3,1,558.8576902
580,864,Batong Buhay,PH175109023,Grassland,0,46.31523259,0,0,0,0,3,1,646.1342528
581,865,Malisbong,PH175109023,Grassland,0,29.97803402,0,0,0,0,3,1,418.2173667
582,866,Malisbong,PH175109023,Grassland,0,7.238147259,0,0,0,0,3,1,100.9778988
583,867,Malisbong,PH175109023,Grassland,0,7.391328812,0,0,0,0,3,1,103.1149031
584,868,Malisbong,PH175109023,Grassland,0,11.63965797,0,0,0,0,3,1,162.3824665
585,869,Pag-Asa,PH175109008,Grassland,0,17.80263265,0,0,0,0,3,1,248.3608545
586,870,Pag-Asa,PH175109008,Grassland,0,17.03166771,0,0,0,0,3,1,237.6052818
587,871,Pag-Asa,PH175109003,Grassland,0,21.55852413,0,0,0,0,3,1,300.7585216
588,872,Pag-Asa,PH175109003,Grassland,0,18.83655357,0,0,0,0,3,1,262.7848719
589,873,San Agustin,PH175109003,Grassland,0,11.5564332,0,0,0,0,3,1,161.2214149
590,878,San Agustin,PH175109011,,0,10.23329639,0,0,0,0,3,0,139.6926174
591,879,San Agustin,PH175109011,Open Forest,0,9.991350651,12,0,0,0,3,0,166.363918
592,880,San Agustin,PH175109011,Open Forest,0,8.048978488,0,0,0,0,3,0,109.8749444
593,881,San Agustin,PH175109011,Open Forest,0,8.165388584,0,0,0,0,3,0,111.4640346
594,882,San Agustin,PH175109011,Open Forest,0,8.768725713,0,0,0,0,3,0,119.7000653
595,883,San Agustin,PH175109011,Closed Forest,0,6.107121229,0,0,0,0,2,0,84.26880456
596,884,San Agustin,PH175109011,Closed Forest,0,4.56114006,0,0,0,0,3,0,62.26318177
597,885,Batong Buhay,PH175109011,Closed Forest,0,6.187243621,0,0,0,0,3,0,84.46078594
598,886,Batong Buhay,PH175109011,Open Forest,0,6.771686494,0,0,0,0,3,0,92.438895
599,887,Pag-Asa,PH175109013,Open Forest,0,3.811326027,0,0,0,0,3,0,52.02762513
600,888,Pag-Asa,PH175109013,Open Forest,0,2.675088406,0,0,0,0,3,0,36.51707983
601,889,Pag-Asa,PH175109013,Open Forest,0,2.406411211,0,0,0,0,3,0,32.84942288
602,890,San Agustin,PH175109013,Open Forest,0,1.797914594,0,0,0,0,2,0,24.80843393
603,891,San Agustin,PH175109013,Open Forest,0,1.829194576,0,0,0,0,3,0,24.9699577
604,892,San Agustin,PH175109013,Open Forest,0,2.611518542,0,0,0,0,3,0,35.64930073
605,893,San Agustin,PH175109013,Grassland,0,4.02341342,0,0,0,0,3,1,56.12981039
606,894,San Agustin,PH175109013,Grassland,0,3.958586454,0,0,0,0,3,1,55.22542277
607,895,Claudio Salgado,PH175109001,Grassland,0,3.973752737,0,0,0,0,3,1,55.43700445
608,896,Ilvita,PH175109001,Grassland,0,10.8369263,0,0,0,0,3,1,151.1837226
609,897,Victoria,PH175109001,Grassland,0,26.54621951,0,0,0,0,3,1,370.3408306
610,898,Victoria,PH175109001,Grassland,0,45.7573185,0,0,0,0,3,1,638.3509084
611,899,Ligaya,PH175109023,Grassland,0,45.95935694,0,0,0,0,3,1,641.169505
612,900,Ligaya,PH175109023,Grassland,0,19.33342361,0,0,0,0,3,1,269.7166033
613,901,Burgos,PH175109023,Grassland,0,7.285947323,0,0,0,0,3,1,101.6447477
614,902,Burgos,PH175109023,Grassland,0,9.387750626,0,0,0,0,3,1,130.9665718
615,903,Pag-Asa,PH175109008,Grassland,0,16.42712752,0,0,0,0,3,1,229.1714663
616,904,San Agustin,PH175109008,Grassland,0,18.17880758,0,0,0,0,3,1,253.6087934
617,905,San Agustin,PH175109008,Grassland,0,22.01255608,0,0,0,0,3,1,307.0926276
618,906,San Agustin,PH175109003,Grassland,0,27.40178363,0,0,0,0,3,1,382.2766291
619,907,San Francisco,PH175109003,Grassland,0,17.43581581,0,0,0,0,3,1,243.2434685
620,908,San Francisco,PH175109003,,0,11.25041501,0,0,0,0,3,0,153.5770938
621,914,Batong Buhay,PH175109011,,0,15.23780656,0,0,0,0,3,0,208.008153
622,915,Batong Buhay,PH175109011,Open Forest,0,11.49227969,0,0,0,0,3,0,156.8787386
623,916,Malisbong,PH175109011,Open Forest,0,7.437391917,1,0,0,0,3,0,103.3856503
624,917,Malisbong,PH175109011,Open Forest,0,11.90090529,1,0,0,0,3,0,165.4320287
625,918,Malisbong,PH175109011,Closed Forest,0,6.921043555,0,0,0,0,3,0,94.47773742
626,919,Malisbong,PH175109011,Closed Forest,0,5.086328268,0,0,0,0,2,0,70.18344432
627,920,Malisbong,PH175109011,Closed Forest,0,4.110956351,0,0,0,0,3,0,56.11781685
628,921,Ligaya,PH175109011,Open Forest,0,3.39963309,0,0,0,0,3,0,46.4076898
629,922,San Agustin,PH175109013,Open Forest,0,3.102591276,0,0,0,0,3,0,42.35283329
630,923,San Agustin,PH175109013,Open Forest,0,2.946894805,0,0,0,0,2,0,40.66257948
631,924,San Agustin,PH175109013,Open Forest,0,2.443574667,0,0,0,0,3,0,33.35673355
632,925,San Agustin,PH175109013,Open Forest,0,2.472245296,0,0,0,0,3,0,33.74811039
633,926,San Agustin,PH175109013,Open Forest,0,1.875352412,0,0,0,0,3,0,25.6000488
634,927,Batong Buhay,PH175109013,Open Forest,0,1.93199861,0,0,0,0,3,0,26.37331436
635,928,Batong Buhay,PH175109013,Open Forest,0,2.429291368,0,0,0,0,3,0,33.16175518
636,929,Batong Buhay,PH175109013,Grassland,0,3.843780994,0,0,0,0,3,1,53.62379549
637,930,Tagumpay,PH175109001,Grassland,0,4.130314032,0,0,0,0,3,1,57.62115877
638,931,San Vicente,PH175109001,Grassland,0,3.777898153,0,0,0,0,3,1,52.70467757
639,932,San Vicente,PH175109001,Grassland,0,11.00294654,0,0,0,0,3,1,153.4998367
640,933,San Vicente,PH175109001,Grassland,0,40.9251709,0,0,0,0,3,1,570.9386143
641,934,Burgos,PH175109023,Grassland,0,46.30648295,0,0,0,0,3,1,646.0121883
642,935,Burgos,PH175109023,Grassland,0,34.66215897,0,0,0,0,3,1,483.5646273
643,936,Pag-Asa,PH175109023,Grassland,0,4.888228099,0,0,0,0,3,1,68.19466153
644,937,Pag-Asa,PH175109023,Grassland,0,9.176072121,0,0,0,0,3,1,128.0134887
645,938,Pag-Asa,PH175109023,Grassland,0,17.6709342,0,0,0,0,3,1,246.5235566
646,939,Batong Buhay,PH175109008,Grassland,0,18.29922644,0,0,0,0,3,1,255.288732
647,940,Batong Buhay,PH175109008,Grassland,0,23.60251109,0,0,0,0,3,1,329.2737619
648,941,Batong Buhay,PH175109003,Grassland,0,25.70021057,0,0,0,0,3,1,358.5383344
649,942,Batong Buhay,PH175109003,Grassland,0,31.06862513,0,0,0,0,3,1,433.4319782
650,943,Batong Buhay,PH175109003,Grassland,0,13.06952238,0,0,0,0,3,1,182.3302098
651,949,Ligaya,PH175109011,,0,10.58462715,0,0,0,0,3,0,144.4885611
652,950,Burgos,PH175109011,Open Forest,0,7.649874926,0,0,0,0,3,0,104.4268641
653,951,Burgos,PH175109011,Open Forest,0,11.23687744,0,0,0,0,3,0,153.3922952
654,952,Burgos,PH175109011,Closed Forest,0,9.143553416,0,0,0,0,3,0,124.8167609
655,953,Pag-Asa,PH175109011,Closed Forest,0,5.417818546,0,0,0,0,3,0,73.95752301
656,954,Pag-Asa,PH175109011,Open Forest,0,2.963397026,0,0,0,0,3,0,40.45272131
657,955,Pag-Asa,PH175109011,Open Forest,0,3.941332897,0,0,0,0,3,0,53.80232209
658,956,Batong Buhay,PH175109013,Open Forest,0,4.216138959,0,0,0,0,3,0,57.55364293
659,957,Batong Buhay,PH175109013,Open Forest,0,3.685434977,0,0,0,0,3,0,50.30911238
660,958,Malisbong,PH175109013,Open Forest,0,3.487825513,0,0,0,0,2,0,48.1265846
661,959,Malisbong,PH175109013,Open Forest,0,2.466820081,0,0,0,0,3,0,33.6740519
662,960,Malisbong,PH175109013,Open Forest,0,2.686223507,0,0,0,0,3,0,36.66908279
663,961,Malisbong,PH175109013,Open Forest,0,1.74753505,0,0,0,0,2,0,24.11327433
664,962,Malisbong,PH175109013,Open Forest,0,2.028343479,0,0,0,0,3,0,27.68849828
665,963,Ligaya,PH175109013,Grassland,0,3.145739436,0,0,0,0,2,1,44.35004893
666,964,Ligaya,PH175109013,Grassland,0,4.745389144,0,0,0,0,3,1,66.20194474
667,965,Tuban,PH175109001,Open Forest,0,2.956467986,0,0,0,0,3,0,40.35813441
668,966,Tuban,PH175109001,Grassland,0,4.417786598,0,0,0,0,3,1,61.63162922
669,967,Tuban,PH175109001,Grassland,0,22.11837737,0,0,0,0,3,1,308.5689186
670,968,Tuban,PH175109001,Grassland,0,44.47548866,0,0,0,0,3,1,620.4683648
671,969,Pag-Asa,PH175109023,Grassland,0,39.57861201,0,0,0,0,3,1,552.1530491
672,970,Pag-Asa,PH175109023,Grassland,0,24.16802692,0,0,0,0,3,1,337.1631565
673,971,Pag-Asa,PH175109023,Brush/Shrubs,0,6.252305031,0,0,0,0,3,1,87.22461733
674,972,Pag-Asa,PH175109023,Grassland,0,13.79503107,0,0,0,0,3,1,192.4516319
675,973,Pag-Asa,PH175109023,Grassland,0,15.92572339,0,0,0,0,3,1,222.1764808
676,974,Batong Buhay,PH175109008,Grassland,0,16.71864128,0,0,0,0,3,1,233.2383146
677,975,Batong Buhay,PH175109008,Grassland,0,15.06126261,0,0,0,0,3,1,210.1165668
678,976,Malisbong,PH175109003,Grassland,0,20.6981252,0,0,0,0,3,1,288.7552736
679,977,Malisbong,PH175109003,Grassland,0,23.51102543,0,0,0,0,3,1,327.9974643
680,978,Malisbong,PH175109003,,0,15.68251763,0,0,0,0,3,0,214.0788121
681,986,Pag-Asa,PH175109011,Open Forest,0,7.264579455,0,0,0,0,3,0,99.1672751
682,987,Pag-Asa,PH175109011,Open Forest,0,4.455269814,0,0,0,0,3,0,60.81796889
683,988,San Agustin,PH175109011,Open Forest,0,4.033484817,0,0,0,0,3,0,55.06026893
684,989,San Agustin,PH175109011,Open Forest,0,3.255846143,0,0,0,0,3,0,44.44488386
685,990,San Agustin,PH175109011,Open Forest,0,2.681948066,0,0,0,0,3,0,36.61071963
686,991,Burgos,PH175109013,Open Forest,0,3.292849362,0,0,0,0,3,0,44.95000716
687,992,Burgos,PH175109013,Open Forest,0,3.838071227,0,0,0,0,3,0,52.39271834
688,993,Burgos,PH175109013,Open Forest,0,4.458141009,0,0,0,0,3,0,60.85716298
689,994,Pag-Asa,PH175109013,Open Forest,0,2.848087192,0,0,0,0,3,0,38.87865056
690,995,Pag-Asa,PH175109013,Open Forest,0,2.318191051,0,0,0,0,3,0,31.64514768
691,996,Pag-Asa,PH175109013,Open Forest,0,1.922209382,0,0,0,0,3,0,26.23968363
692,997,San Agustin,PH175109013,Open Forest,0,2.421833664,0,0,0,0,3,0,33.0599516
693,998,San Agustin,PH175109013,Open Forest,0,3.324325562,0,0,0,0,3,0,45.37968227
694,999,San Agustin,PH175109013,Grassland,0,3.364032666,0,0,0,0,3,1,46.93092556
695,1000,Santa Lucia,PH175109001,Open Forest,0,2.513727963,0,0,0,0,3,0,34.31438172
696,1001,Santa Lucia,PH175109001,Grassland,0,4.000007689,0,0,0,0,3,1,55.80328187
697,1002,Santa Lucia,PH175109001,Grassland,0,4.434281707,0,0,0,0,3,1,61.86174908
698,1003,San Nicolas,PH175109001,Grassland,0,41.4265995,0,0,0,0,3,1,577.9339413
699,1004,San Nicolas,PH175109001,Grassland,0,37.11253484,0,0,0,0,3,1,517.7493154
700,1005,Pag-Asa,PH175109023,Grassland,0,38.08445835,0,0,0,0,3,1,531.3084197
701,1006,Pag-Asa,PH175109023,Grassland,0,15.2884959,0,0,0,0,3,1,213.2866515
702,1007,Pag-Asa,PH175109023,Grassland,0,14.9253943,0,0,0,0,3,1,208.221096
703,1008,Pag-Asa,PH175109023,Grassland,0,14.51408052,0,0,0,0,3,1,202.4829424
704,1009,Malisbong,PH175109008,Grassland,0,14.02691197,0,0,0,0,3,1,195.6865545
705,1010,Malisbong,PH175109008,Grassland,0,16.57207441,1,0,0,0,3,1,235.3366091
706,1011,Malisbong,PH175109003,Grassland,0,16.52193141,0,0,0,0,3,1,230.4940558
707,1012,Ligaya,PH175109003,Grassland,0,16.13470236,0,0,0,0,3,1,225.0919032
708,1013,Ligaya,PH175109003,Grassland,0,13.37780333,0,0,0,0,3,1,186.6309738
709,1020,San Agustin,PH175109011,,0,10.29516463,0,0,0,0,3,0,140.537168
710,1021,San Agustin,PH175109011,Open Forest,0,7.73341608,0,0,0,0,3,0,105.5672671
711,1022,San Agustin,PH175109011,Open Forest,0,4.358878374,0,0,0,0,3,0,59.50214923
712,1023,San Agustin,PH175109011,Open Forest,0,4.237092257,0,0,0,0,3,0,57.83967208
713,1024,San Agustin,PH175109011,Open Forest,0,3.427944899,0,0,0,0,3,0,46.79416846
714,1025,San Agustin,PH175109013,Open Forest,0,3.044887066,0,0,0,0,3,0,41.56512503
715,1026,San Agustin,PH175109013,Brush/Shrubs,0,5.017288208,0,0,0,0,3,1,69.99515248
716,1027,San Agustin,PH175109013,Open Forest,0,3.714138508,0,0,0,0,3,0,50.70093836
717,1028,San Agustin,PH175109013,Open Forest,0,3.014891466,0,0,0,0,3,0,41.15566128
718,1029,San Agustin,PH175109013,Open Forest,0,2.659833908,0,0,0,0,3,0,36.30884382
719,1030,San Agustin,PH175109013,Open Forest,0,2.119570315,0,0,0,0,3,0,28.933817
720,1031,San Agustin,PH175109013,Open Forest,0,2.888532639,0,0,0,0,3,0,39.43076301
721,1032,San Agustin,PH175109013,Open Forest,0,2.399352908,0,0,0,0,3,0,32.75307144
722,1033,Batong Buhay,PH175109013,Open Forest,0,2.237999241,0,0,0,0,3,0,30.55046583
723,1034,San Nicolas,PH175109001,Open Forest,0,1.750158668,0,0,0,0,2,0,24.14947619
724,1035,Ilvita,PH175109001,Open Forest,0,1.963427424,0,0,0,0,3,0,26.80234261
725,1036,Ilvita,PH175109001,Grassland,0,3.508329749,0,0,0,0,3,1,48.94398439
726,1037,Victoria,PH175109001,Grassland,0,17.84453511,0,0,0,0,3,1,248.9454271
727,1038,Victoria,PH175109001,Grassland,0,38.64138921,0,0,0,0,3,1,539.0780472
728,1039,Pag-Asa,PH175109023,Grassland,0,37.66882706,0,0,0,0,3,1,525.5100334
729,1040,Pag-Asa,PH175109023,Grassland,0,34.45234489,0,0,0,0,3,1,480.6375543
730,1041,Pag-Asa,PH175109023,Grassland,0,15.38865948,0,0,0,0,3,1,214.684013
731,1042,San Agustin,PH175109023,Grassland,0,15.09316663,0,0,0,0,3,1,210.5616532
732,1043,San Agustin,PH175109023,Grassland,0,14.97327375,0,0,0,0,3,1,208.8890524
733,1044,Malisbong,PH175109008,Grassland,0,15.62957764,0,0,0,0,3,1,218.0450125
734,1045,Malisbong,PH175109008,Grassland,0,17.00689983,0,0,0,0,3,1,237.2597502
735,1046,Ligaya,PH175109003,Grassland,0,14.80055952,0,0,0,0,3,1,206.4795518
736,1047,Burgos,PH175109003,Grassland,0,12.20341015,0,0,0,0,3,1,170.2472568
737,1048,Burgos,PH175109003,,0,10.22749224,0,0,0,0,3,0,139.6133861
738,1056,San Agustin,PH175109011,,0,40.12576103,0,0,0,0,3,0,547.7484839
739,1057,Batong Buhay,PH175109011,Open Forest,0,6.812269449,0,0,0,0,3,0,92.99288454
740,1058,Batong Buhay,PH175109011,Open Forest,0,4.750008265,0,0,0,0,3,0,64.84138267
741,1059,Batong Buhay,PH175109011,Open Forest,0,3.41324389,0,0,0,0,3,0,46.59348802
742,1060,Batong Buhay,PH175109013,Open Forest,0,3.300253689,0,0,0,0,3,0,45.0510821
743,1061,Batong Buhay,PH175109013,Open Forest,0,5.578032374,0,0,0,0,3,0,76.14456891
744,1062,Batong Buhay,PH175109013,Open Forest,0,4.435986578,0,1,0,0,3,0,61.88553339
745,1063,Batong Buhay,PH175109013,Open Forest,0,3.786850214,0,0,0,0,3,0,51.69351086
746,1064,Malisbong,PH175109013,Open Forest,0,3.186068296,0,0,0,0,3,0,43.49236087
747,1065,Malisbong,PH175109013,Open Forest,0,2.436514676,0,0,0,0,3,0,33.26035907
748,1066,Malisbong,PH175109013,Open Forest,0,2.772343576,0,0,0,0,3,0,37.84469009
749,1067,Malisbong,PH175109013,Open Forest,0,2.878628254,0,0,0,0,3,0,39.29556029
750,1068,Ligaya,PH175109013,Open Forest,0,2.139036417,0,0,0,0,3,0,29.19954474
751,1069,Ligaya,PH175109013,Open Forest,0,2.127174775,0,0,0,0,3,0,29.03762391
752,1070,Paetan,PH175109001,Open Forest,0,1.618693441,0,0,0,0,3,0,22.09645015
753,1071,Paetan,PH175109001,Open Forest,0,1.685162425,0,0,0,0,3,0,23.00380453
754,1072,San Vicente,PH175109001,Open Forest,0,3.181920767,0,0,0,0,2,0,43.90557337
755,1073,San Vicente,PH175109001,Grassland,0,28.64625168,0,0,0,0,3,1,399.6379461
756,1074,San Vicente,PH175109001,Grassland,0,40.70466868,0,0,0,0,3,1,567.8624334
757,1075,San Agustin,PH175109023,Open Forest,0,36.87874174,0,0,0,0,3,0,503.4240936
758,1076,San Agustin,PH175109023,Grassland,0,31.58717203,0,0,0,0,3,1,440.666119
759,1077,Batong Buhay,PH175109023,Grassland,0,17.44619274,0,0,0,0,3,1,243.3882349
760,1078,Batong Buhay,PH175109023,Grassland,0,18.93469429,0,0,0,0,3,1,264.1540129
761,1079,Malisbong,PH175109008,Grassland,0,17.78975391,0,0,0,0,3,1,248.1811859
762,1080,Ligaya,PH175109008,Grassland,0,17.26070476,0,0,0,0,3,1,240.8005304
763,1081,Burgos,PH175109003,Grassland,0,18.26157713,0,0,0,0,3,1,254.7634943
764,1082,Burgos,PH175109003,Grassland,0,16.08636189,0,0,0,0,3,1,224.4175153
765,1083,Pag-Asa,PH175109003,Grassland,0,11.19718838,0,0,0,0,3,1,156.2096646
766,1091,Batong Buhay,PH175109011,Open Forest,0,21.47664125,0,0,0,0,2,0,296.3443521
767,1092,Batong Buhay,PH175109011,Open Forest,0,10.97726711,0,0,0,0,2,0,151.4692671
768,1093,Malisbong,PH175109011,Open Forest,0,4.707986593,0,0,0,0,2,0,64.96291578
769,1094,Burgos,PH175109013,Open Forest,0,4.635331392,0,0,0,0,3,0,63.27595234
770,1095,Burgos,PH175109013,Open Forest,0,3.686837514,0,0,0,0,3,0,50.32825813
771,1096,Burgos,PH175109013,Open Forest,0,3.548334599,0,0,0,0,3,0,48.43758341
772,1097,Burgos,PH175109013,Open Forest,0,4.58949248,0,0,0,0,2,0,63.32788073
773,1098,Pag-Asa,PH175109013,Open Forest,0,4.244389057,0,0,0,0,3,0,57.93927919
774,1099,San Agustin,PH175109013,Open Forest,0,2.609625737,0,0,0,0,3,0,35.62346244
775,1100,San Agustin,PH175109013,Open Forest,0,2.78704226,0,0,0,0,3,0,38.04533879
776,1101,San Agustin,PH175109013,Open Forest,0,2.297815323,0,0,0,0,3,0,31.36700282
777,1102,San Agustin,PH175109013,Open Forest,0,2.343355099,0,0,0,0,3,0,31.98865691
778,1103,San Agustin,PH175109013,Open Forest,0,2.051257372,0,0,0,0,3,0,28.00129111
779,1104,Tuban,PH175109001,Open Forest,0,1.872190833,0,0,0,0,3,0,25.55689074
780,1105,Tuban,PH175109001,Open Forest,0,1.80932045,0,0,0,0,3,0,24.69866011
781,1106,Tuban,PH175109001,Open Forest,0,1.66484348,0,0,0,0,3,0,22.72643481
782,1107,Tuban,PH175109001,Open Forest,0,7.653342605,0,0,0,0,3,0,104.4742006
783,1108,Tuban,PH175109001,Open Forest,0,30.26044941,0,0,0,0,3,0,413.0791507
784,1109,Batong Buhay,PH175109023,Closed Forest,0,31.86782455,0,0,0,0,3,0,435.021097
785,1110,Batong Buhay,PH175109023,Grassland,0,45.88575554,0,0,0,0,3,1,640.142707
786,1111,Malisbong,PH175109023,Grassland,0,23.57234128,0,0,0,0,3,1,328.8528691
787,1112,Malisbong,PH175109023,Grassland,0,18.41443729,0,0,0,0,3,1,256.8960148
788,1113,Malisbong,PH175109023,Grassland,0,18.63255119,0,0,0,0,3,1,259.9388768
789,1114,Ligaya,PH175109008,Grassland,0,19.34465726,0,0,0,0,3,1,269.8733217
790,1115,Burgos,PH175109008,Grassland,0,20.22043514,0,0,0,0,3,1,282.0911182
791,1116,Pag-Asa,PH175109003,Grassland,0,18.73460706,0,0,0,0,3,1,261.3626372
792,1117,Pag-Asa,PH175109003,Grassland,0,11.32629681,0,0,0,0,3,1,158.0108296
793,1118,Pag-Asa,PH175109003,,0,11.08247333,0,0,0,0,3,0,151.2845566
794,1126,Malisbong,PH175109011,,0,37.9200538,0,0,0,0,1,0,538.5746772
795,1127,Malisbong,PH175109011,Open Forest,0,29.64349174,0,0,0,0,2,0,409.0342271
796,1128,Malisbong,PH175109011,Open Forest,0,15.97791513,0,0,0,0,2,0,220.4704568
797,1129,San Agustin,PH175109013,Open Forest,0,6.890968084,0,0,0,0,3,0,94.06718337
798,1130,San Agustin,PH175109013,Open Forest,0,4.585879803,0,0,0,0,2,0,63.27803139
799,1131,San Agustin,PH175109013,Open Forest,0,3.457325379,0,0,0,0,2,0,47.70573004
800,1132,San Agustin,PH175109013,Open Forest,0,4.978383382,0,0,0,0,3,0,67.95888426
801,1133,San Agustin,PH175109013,Open Forest,0,4.912184715,0,0,0,0,3,0,67.05521992
802,1134,San Agustin,PH175109013,Open Forest,0,3.099534035,0,0,0,0,3,0,42.31109953
803,1135,Batong Buhay,PH175109013,Open Forest,0,2.624619087,0,0,0,0,3,0,35.82813357
804,1136,Batong Buhay,PH175109013,Open Forest,0,2.244648993,0,0,0,0,3,0,30.64124022
805,1137,Batong Buhay,PH175109013,Open Forest,0,2.095134338,0,0,0,0,3,0,28.60024652
806,1138,Batong Buhay,PH175109013,Open Forest,0,2.02520448,0,0,0,0,3,0,27.64564846
807,1139,Batong Buhay,PH175109013,Brush/Shrubs,0,2.130135775,0,0,0,0,3,1,29.71708465
808,1140,Malisbong,PH175109001,Open Forest,0,2.435997804,0,0,0,0,3,0,33.25330336
809,1141,General Emilio Aguinaldo,PH175109001,Open Forest,0,1.769827684,0,0,0,0,3,0,24.15955251
810,1142,General Emilio Aguinaldo,PH175109001,Open Forest,0,1.981428583,0,0,0,0,2,0,27.34064246
811,1143,General Emilio Aguinaldo,PH175109001,Open Forest,0,12.65088892,0,0,0,0,3,0,172.6946741
812,1144,Ilvita,PH175109001,Closed Forest,0,30.20299276,0,0,0,0,3,0,412.2948218
813,1145,Malisbong,PH175109023,Open Forest,0,32.30462901,0,0,0,0,3,0,440.9838246
814,1146,Malisbong,PH175109023,Open Forest,0,30.23461088,0,0,0,0,3,0,412.7264342
815,1147,Ligaya,PH175109023,Grassland,0,17.38757706,0,0,0,0,3,1,242.5704997
816,1148,Ligaya,PH175109023,Grassland,0,16.1234479,0,0,0,0,3,1,224.9348946
817,1149,Burgos,PH175109008,Grassland,0,18.83760198,0,0,0,0,3,1,262.7994981
818,1150,Burgos,PH175109008,Grassland,0,18.7542572,0,0,0,0,3,1,261.6367723
819,1151,Pag-Asa,PH175109003,Grassland,0,18.70514043,0,0,0,0,3,1,260.9515543
820,1152,Pag-Asa,PH175109003,Grassland,0,16.26042144,0,0,0,0,3,1,226.8457842
821,1153,Pag-Asa,PH175109003,Grassland,0,11.47464418,0,0,0,0,3,1,160.0803932
822,1154,San Agustin,PH175109003,,0,,0,0,0,0,3,0,
823,1162,Ligaya,PH175109011,Water,0,43.43489138,0,0,0,0,2,0,599.3341601
824,1163,Malisbong,PH175109013,Water,0,30.75112438,0,0,0,0,2,0,424.3178403
825,1164,Malisbong,PH175109013,Open Forest,0,14.0655357,0,0,0,0,3,0,192.0057254
826,1165,Malisbong,PH175109013,Open Forest,0,5.463483651,0,0,0,0,3,0,74.58088793
827,1166,Malisbong,PH175109013,Open Forest,0,5.551268458,0,0,0,0,3,0,75.77922022
828,1167,Malisbong,PH175109013,Open Forest,0,5.900202115,0,0,0,0,3,0,80.54244157
829,1168,Ligaya,PH175109013,Open Forest,0,4.513602495,0,0,0,0,3,0,61.61425628
830,1169,Ligaya,PH175109013,Open Forest,0,4.008789221,0,0,0,0,3,0,54.72315445
831,1170,Burgos,PH175109013,Open Forest,0,2.8749578,0,0,0,0,3,0,39.24545568
832,1171,Burgos,PH175109013,Open Forest,0,3.262186348,0,0,0,0,3,0,44.53143269
833,1172,Burgos,PH175109013,Open Forest,0,2.00588119,0,0,0,0,3,0,27.38187021
834,1173,San Agustin,PH175109013,Open Forest,0,2.322551489,0,0,0,0,3,0,31.70467112
835,1174,Ilvita,PH175109001,Brush/Shrubs,0,2.610051552,0,0,0,0,3,1,36.41229062
836,1175,Ilvita,PH175109001,Open Forest,0,2.111266583,0,0,0,0,3,0,28.82046447
837,1176,Victoria,PH175109001,Open Forest,0,1.789292296,0,0,0,0,3,0,24.42525991
838,1177,Victoria,PH175109001,Open Forest,0,5.391132275,0,0,0,0,3,0,73.59323423
839,1178,Paetan,PH175109001,Open Forest,0,30.18596268,0,0,0,0,3,0,412.0623477
840,1179,Burgos,PH175109023,Open Forest,0,32.12946574,0,0,0,0,3,0,438.5927069
841,1180,Burgos,PH175109023,Open Forest,0,28.49291468,0,0,0,0,3,0,388.9508988
842,1181,Burgos,PH175109023,Open Forest,0,20.57775466,0,0,0,0,3,0,280.9026827
843,1182,Pag-Asa,PH175109023,Open Forest,0,11.66886854,0,0,0,0,3,0,159.2893166
844,1183,Pag-Asa,PH175109023,Grassland,0,16.55506833,0,0,0,0,3,1,230.9563421
845,1184,Pag-Asa,PH175109008,Grassland,0,17.62655131,0,0,0,0,3,1,245.9043801
846,1185,Pag-Asa,PH175109008,Grassland,0,17.62859011,0,0,0,0,3,1,245.932823
847,1186,San Agustin,PH175109003,Grassland,0,18.72087288,0,0,0,0,2,1,263.935283
848,1187,San Agustin,PH175109003,Grassland,0,11.35987568,0,0,0,0,3,1,158.4792815
849,1188,Batong Buhay,PH175109003,,0,11.92085019,0,0,0,0,3,0,162.7290661
850,1197,San Agustin,PH175109013,,0,26.66566658,0,0,0,0,2,0,367.9448567
851,1198,San Agustin,PH175109013,Open Forest,0,13.89777533,0,0,0,0,2,0,191.7677526
852,1199,San Agustin,PH175109013,Open Forest,0,12.15937901,0,0,0,0,2,0,167.7805786
853,1200,San Agustin,PH175109013,Open Forest,0,7.157689253,0,0,0,0,3,0,97.70813901
854,1201,San Agustin,PH175109013,Open Forest,0,4.797174215,0,0,0,0,2,0,66.19356669
855,1202,San Agustin,PH175109013,Open Forest,0,5.019164085,0,0,0,0,3,0,68.51557322
856,1203,San Agustin,PH175109013,Open Forest,0,4.952247461,0,0,0,0,3,0,67.6021082
857,1204,San Agustin,PH175109013,Open Forest,0,5.263721704,0,0,0,0,3,0,71.85397882
858,1205,San Agustin,PH175109013,Open Forest,0,3.909234524,0,0,0,0,3,0,53.36415382
859,1206,San Agustin,PH175109013,Open Forest,0,3.798262596,0,0,0,0,3,0,51.84929893
860,1207,San Agustin,PH175109013,Open Forest,0,3.002025723,0,0,0,0,3,0,40.98003368
861,1208,San Agustin,PH175109013,Open Forest,0,2.787728667,0,0,0,0,3,0,38.05470879
862,1209,Batong Buhay,PH175109013,Open Forest,0,2.721862475,0,0,0,0,3,0,37.15558299
863,1210,San Vicente,PH175109001,Open Forest,0,2.811350226,0,0,0,0,3,0,38.37716182
864,1211,San Vicente,PH175109001,Open Forest,0,2.607481241,0,0,0,0,3,0,35.59418837
865,1212,San Vicente,PH175109001,Open Forest,0,2.432459712,0,0,0,0,3,0,33.20500559
866,1213,Batong Buhay,PH175109001,Open Forest,0,5.528344393,0,0,0,0,3,0,75.46628854
867,1214,Batong Buhay,PH175109001,Open Forest,0,24.94654465,0,0,0,0,3,0,340.5401333
868,1215,Pag-Asa,PH175109023,Open Forest,0,32.99045372,0,0,0,0,3,0,450.3458762
869,1216,Pag-Asa,PH175109023,Brush/Shrubs,0,34.68312836,0,0,0,0,3,1,483.8571669
870,1217,Pag-Asa,PH175109023,Open Forest,0,12.23298518,0,0,0,0,3,0,166.9899564
871,1218,Pag-Asa,PH175109023,Brush/Shrubs,0,16.48043442,0,0,0,0,3,1,229.9151399
872,1219,Pag-Asa,PH175109008,Brush/Shrubs,0,15.08911705,0,0,0,0,3,1,210.5051583
873,1220,Pag-Asa,PH175109008,Open Forest,0,14.84008646,0,0,0,0,3,0,202.578958
874,1221,Batong Buhay,PH175109003,Grassland,0,18.61811924,0,0,0,0,3,1,259.7375397
875,1222,Batong Buhay,PH175109003,Grassland,0,16.66801389,0,0,0,0,3,1,232.5320223
876,1223,Malisbong,PH175109003,Grassland,0,11.73750496,0,0,0,0,3,1,163.7475097
877,1224,Malisbong,PH175109003,,0,,0,0,0,0,3,0,
878,1232,Batong Buhay,PH175109013,,0,7.893802166,0,0,0,0,2,0,108.9222314
879,1233,Batong Buhay,PH175109013,Open Forest,0,6.584634066,0,0,0,0,2,0,90.85774138
880,1234,Batong Buhay,PH175109013,Open Forest,0,6.560037613,0,0,0,0,3,0,89.5497198
881,1235,Batong Buhay,PH175109013,Open Forest,0,5.504602432,0,0,0,0,3,0,75.14219193
882,1236,Malisbong,PH175109013,Open Forest,0,5.262529373,0,0,0,0,2,0,72.61474639
883,1237,Malisbong,PH175109013,Open Forest,0,4.085540116,0,0,0,0,3,0,55.77086508
884,1238,Malisbong,PH175109013,Open Forest,0,4.355640888,0,0,0,0,2,0,60.10109132
885,1239,Malisbong,PH175109013,Open Forest,0,3.709931791,0,0,0,0,3,0,50.64351334
886,1240,Ligaya,PH175109013,Open Forest,0,4.407480359,0,0,0,0,3,0,60.1656049
887,1241,Ligaya,PH175109013,Open Forest,0,3.230664551,0,0,0,0,3,0,44.10113514
888,1242,Burgos,PH175109013,Open Forest,0,2.823713005,0,0,0,0,3,0,38.54592356
889,1243,Burgos,PH175109013,Open Forest,0,2.293548584,0,0,0,0,3,0,31.30875845
890,1244,Tuban,PH175109001,Open Forest,0,2.244324416,0,0,0,0,3,0,30.63680949
891,1245,Tuban,PH175109001,Open Forest,0,2.80160147,0,0,0,0,3,0,38.24408356
892,1246,Malisbong,PH175109001,Open Forest,0,2.971784413,0,0,0,0,3,0,40.5672158
893,1247,Malisbong,PH175109001,Open Forest,0,3.393570125,0,0,0,0,3,0,46.32492552
894,1248,Malisbong,PH175109001,Open Forest,0,23.24449348,0,0,0,0,3,0,317.305784
895,1249,Pag-Asa,PH175109023,Open Forest,0,24.20338249,0,0,0,0,3,0,330.39538
896,1250,Pag-Asa,PH175109023,Brush/Shrubs,0,31.6463871,0,0,0,0,3,1,441.4922162
897,1251,Pag-Asa,PH175109023,Brush/Shrubs,0,21.36096358,0,0,0,0,3,1,298.0023951
898,1252,Pag-Asa,PH175109023,Open Forest,0,11.46071672,0,0,0,0,3,0,156.447879
899,1253,Pag-Asa,PH175109023,Open Forest,0,16.37471581,0,0,0,0,3,0,223.5278666
900,1254,Pag-Asa,PH175109008,Brush/Shrubs,0,17.36741829,0,0,0,0,3,1,242.2892688
901,1255,Pag-Asa,PH175109008,Grassland,0,18.12021017,0,0,0,0,3,1,252.791313
902,1256,Malisbong,PH175109003,Grassland,0,16.94310379,0,0,0,0,3,1,236.3697448
903,1257,Malisbong,PH175109003,Grassland,0,10.74980593,0,0,0,0,3,1,149.9683243
904,1258,Malisbong,PH175109003,,0,11.53753853,0,0,0,0,3,0,157.4965577
905,1268,Burgos,PH175109013,,0,7.542225484,0,0,0,0,3,0,102.9573637
906,1269,Burgos,PH175109013,Open Forest,0,7.888216496,0,0,0,0,3,0,107.6804157
907,1270,San Agustin,PH175109013,Open Forest,0,6.115208308,0,0,0,0,2,0,84.38039371
908,1271,San Agustin,PH175109013,Open Forest,0,5.63721633,0,0,0,0,3,0,76.95247689
909,1272,San Agustin,PH175109013,Open Forest,0,5.39759469,0,0,0,0,3,0,73.68145132
910,1273,San Agustin,PH175109013,Open Forest,0,5.373227596,0,0,0,0,3,0,73.34882115
911,1274,San Agustin,PH175109013,Open Forest,0,5.033205032,0,0,0,0,3,0,68.70724329
912,1275,San Agustin,PH175109013,Open Forest,0,4.458731413,0,0,0,0,3,0,60.86522246
913,1276,San Agustin,PH175109013,Open Forest,0,4.742858171,0,0,0,0,3,0,64.74377821
914,1277,San Agustin,PH175109013,Open Forest,0,3.286388636,0,0,0,0,2,0,45.347068
915,1278,San Agustin,PH175109013,Open Forest,0,3.714907289,0,0,0,0,3,0,50.71143283
916,1279,San Agustin,PH175109013,Open Forest,0,2.439311822,0,0,0,0,3,0,33.29854233
917,1280,General Emilio Aguinaldo,PH175109001,Open Forest,0,2.656257987,0,0,0,0,3,0,36.26002966
918,1281,Ligaya,PH175109001,Open Forest,0,3.390698791,0,0,0,0,3,0,46.28572953
919,1282,Ligaya,PH175109001,Open Forest,0,3.398156643,0,0,0,0,3,0,46.38753513
920,1283,Ilvita,PH175109001,Brush/Shrubs,0,3.64396894,0,0,0,0,3,1,50.83625875
921,1284,Ilvita,PH175109001,Open Forest,0,33.95869446,0,0,0,0,3,0,463.5631307
922,1285,Pag-Asa,PH175109023,Brush/Shrubs,0,33.80170441,0,0,0,0,3,1,471.5606033
923,1286,Pag-Asa,PH175109023,Brush/Shrubs,0,33.82883644,0,0,0,0,3,1,471.9391166
924,1287,Pag-Asa,PH175109023,Open Forest,0,11.02993584,0,0,0,0,3,0,150.5673781
925,1288,San Agustin,PH175109023,Open Forest,0,9.6492939,0,0,0,0,3,0,131.7205199
926,1289,Pag-Asa,PH175109008,Brush/Shrubs,0,12.51317406,0,0,0,0,3,1,174.5687092
927,1290,Pag-Asa,PH175109008,Brush/Shrubs,0,11.92341566,0,0,0,0,3,1,166.3411115
928,1291,Ligaya,PH175109003,Brush/Shrubs,0,14.53362179,0,0,0,0,3,1,202.7555586
929,1292,Ligaya,PH175109003,Brush/Shrubs,0,12.0515871,0,0,0,0,3,1,168.1292048
930,1293,Burgos,PH175109003,Brush/Shrubs,0,10.07643747,0,0,0,0,3,1,140.5742999
931,1294,Burgos,PH175109003,,0,8.003366851,0,0,0,0,3,0,109.2523094
932,1303,San Agustin,PH175109013,,0,8.239426045,0,0,0,0,3,0,112.4747047
933,1304,San Agustin,PH175109013,,0,7.51193078,0,0,0,0,3,0,102.543817
934,1305,Batong Buhay,PH175109013,,0,5.906585499,0,0,0,0,3,0,80.62957983
935,1306,Batong Buhay,PH175109013,,0,6.001352549,0,0,0,0,3,0,81.92322527
936,1307,Batong Buhay,PH175109013,,0,5.596325068,0,0,0,0,3,0,76.39427871
937,1308,Batong Buhay,PH175109013,,0,5.409856116,0,0,0,0,3,0,73.84882952
938,1309,Batong Buhay,PH175109013,Open Forest,0,5.056250321,0,0,0,0,3,0,69.02182978
939,1310,Malisbong,PH175109013,Open Forest,0,4.475200653,0,0,0,0,3,0,61.09004066
940,1311,Malisbong,PH175109013,Open Forest,0,6.814669132,0,0,0,0,3,0,93.02564212
941,1312,Malisbong,PH175109013,Open Forest,0,7.542461554,0,0,0,0,3,0,102.9605863
942,1313,Malisbong,PH175109013,Open Forest,0,4.41837199,0,0,0,0,2,0,60.96668327
943,1314,Ilvita,PH175109001,Open Forest,0,2.389563842,0,0,0,0,2,0,32.97227627
944,1315,Lagnas,PH175109001,Open Forest,0,3.913518667,0,0,0,0,3,0,53.42263577
945,1316,Paetan,PH175109001,Open Forest,0,3.905864656,0,0,0,0,3,0,53.31815245
946,1317,San Francisco,PH175109001,Open Forest,0,7.550990184,0,0,0,0,3,0,103.0770089
947,1318,San Francisco,PH175109001,Brush/Shrubs,0,18.6948514,0,0,0,0,3,1,260.8080142
948,1319,San Agustin,PH175109023,Open Forest,0,22.00696055,0,0,0,0,3,0,300.4124773
949,1320,San Agustin,PH175109023,Brush/Shrubs,0,31.06799269,0,0,0,0,3,1,433.4231552
950,1321,San Agustin,PH175109023,Brush/Shrubs,0,21.03419971,0,0,0,0,3,1,293.4437798
951,1322,San Agustin,PH175109023,Open Forest,0,11.52826341,0,0,0,0,3,0,157.369945
952,1323,Batong Buhay,PH175109023,Open Forest,0,10.39724302,0,0,0,0,3,0,141.930619
953,1324,Pag-Asa,PH175109008,Brush/Shrubs,0,10.89598203,0,0,0,0,3,1,152.0075969
954,1325,Pag-Asa,PH175109008,Brush/Shrubs,0,12.84846854,0,0,0,0,3,1,179.2463333
955,1326,Burgos,PH175109003,Open Forest,0,14.66824436,0,0,0,0,3,0,200.233177
956,1327,Burgos,PH175109003,Brush/Shrubs,0,8.342944145,0,0,0,0,3,1,116.3906922
957,1328,Pag-Asa,PH175109003,Brush/Shrubs,0,9.566134135,0,0,0,0,3,1,133.4551634
958,1353,San Vicente,PH175109001,,0,9.408231451,0,0,0,0,2,0,129.8190076
959,1354,San Vicente,PH175109001,,0,20.04795126,0,0,0,0,3,0,273.6704458
960,1355,Batong Buhay,PH175109023,,0,22.71670097,0,0,0,0,3,0,310.1009974
961,1356,Batong Buhay,PH175109023,,0,24.37987892,0,0,0,0,3,0,332.8046964
962,1357,Batong Buhay,PH175109023,,0,6.855820894,0,0,0,0,3,0,93.58739633
963,1358,Malisbong,PH175109023,,0,7.726186632,0,0,0,0,3,0,105.4685794
964,1359,Pag-Asa,PH175109008,Brush/Shrubs,0,8.042470217,0,0,0,0,3,1,112.1988424
965,1360,Pag-Asa,PH175109008,Brush/Shrubs,0,8.92213583,0,0,0,0,3,1,124.4708759
966,1361,Pag-Asa,PH175109003,Open Forest,0,7.618140459,0,0,0,0,3,0,103.9936634
967,1362,Pag-Asa,PH175109003,Open Forest,0,8.598491192,0,0,0,0,3,0,117.376229
968,1363,Pag-Asa,PH175109003,Brush/Shrubs,0,16.88462139,0,0,0,0,3,1,235.5538689
969,1364,Pag-Asa,PH175109003,,0,21.53677876,0,0,0,0,3,0,293.9941228
970,1397,Pag-Asa,PH175109003,,0,0,0,0,0,0,3,0,0
971,1398,Pag-Asa,PH175109003,,0,0,0,0,0,0,3,0,0
