,id,BARANGAY,PSGC,LAND COVERAGE,RHU,POPULATION DENSITY PER HEXAGON,POIs PER HEXAGON,ROADS,STORM SURGE HAZARD LEVEL,FLOOD HAZARD LEVEL,LANDSLIDE HAZARD LEVEL,LANDCOVER NUMERICAL,HCFAI,Cluster
0,22,Ligaya,PH175109009,Brush/Shrubs,0,0,1,1,0,0,2,1,0,LOW
1,22,Ligaya,PH175109009,Brush/Shrubs,0,0,1,1,0,0,2,1,0,LOW
2,22,Ligaya,PH175109009,Brush/Shrubs,0,0,1,1,0,0,2,1,0,LOW
3,22,Ligaya,PH175109009,Brush/Shrubs,0,0,1,1,0,0,2,1,0,LOW
4,22,Ligaya,PH175109009,Brush/Shrubs,0,0,1,1,0,0,2,1,0,LOW
5,22,Ligaya,PH175109009,Brush/Shrubs,0,0,1,1,0,0,2,1,0,LOW
6,22,Ligaya,PH175109009,Brush/Shrubs,0,0,1,1,0,0,2,1,0,LOW
7,22,Ligaya,PH175109009,Brush/Shrubs,0,0,1,1,0,0,2,1,0,LOW
8,22,Ligaya,PH175109009,Brush/Shrubs,0,0,1,1,0,0,2,1,0,LOW
9,22,Ligaya,PH175109009,Brush/Shrubs,0,0,1,1,0,0,2,1,0,LOW
10,23,Burgos,PH175109009,Brush/Shrubs,0,0,0,0,0,0,2,1,0,LOW
11,23,Burgos,PH175109009,Brush/Shrubs,0,0,0,0,0,0,2,1,0,LOW
12,23,Burgos,PH175109009,Brush/Shrubs,0,0,0,0,0,0,2,1,0,LOW
13,23,Burgos,PH175109009,Brush/Shrubs,0,0,0,0,0,0,2,1,0,LOW
14,23,Burgos,PH175109009,Brush/Shrubs,0,0,0,0,0,0,2,1,0,LOW
15,23,Burgos,PH175109009,Brush/Shrubs,0,0,0,0,0,0,2,1,0,LOW
16,23,Burgos,PH175109009,Brush/Shrubs,0,0,0,0,0,0,2,1,0,LOW
17,23,Burgos,PH175109009,Brush/Shrubs,0,0,0,0,0,0,2,1,0,LOW
18,23,Burgos,PH175109009,Brush/Shrubs,0,0,0,0,0,0,2,1,0,LOW
19,23,Burgos,PH175109009,Brush/Shrubs,0,0,0,0,0,0,2,1,0,LOW
20,49,Pag-Asa,PH175109004,,0,154.5388074,0,0,3,2,0,0,1151.19717,MID
21,50,San Agustin,PH175109004,Built Up,0,214.8126723,0,0,3,2,0,0,1600.191852,MID
22,51,San Agustin,PH175109004,Grassland,0,302.9027046,0,0,3,1,0,1,2469.77542,HIGH
23,58,Burgos,PH175109009,Built Up,0,1243.89281,13,1,3,2,2,0,5967.815673,HIGH
24,59,Burgos,PH175109009,,0,0,0,0,3,2,2,0,0,LOW
25,59,Burgos,PH175109009,,0,0,0,0,3,2,2,0,0,LOW
26,59,Burgos,PH175109009,,0,0,0,0,3,2,2,0,0,LOW
27,59,Burgos,PH175109009,,0,0,0,0,3,2,2,0,0,LOW
28,59,Burgos,PH175109009,,0,0,0,0,3,2,2,0,0,LOW
29,59,Burgos,PH175109009,,0,0,0,0,3,2,2,0,0,LOW
30,59,Burgos,PH175109009,,0,0,0,0,3,2,2,0,0,LOW
31,59,Burgos,PH175109009,,0,0,0,0,3,2,2,0,0,LOW
32,59,Burgos,PH175109009,,0,0,0,0,3,2,2,0,0,LOW
33,59,Burgos,PH175109009,,0,0,0,0,3,2,2,0,0,LOW
34,84,San Agustin,PH175109004,Annual Crop,0,82.98335085,0,0,3,2,0,0,618.1631673,LOW
35,85,San Agustin,PH175109004,Annual Crop,0,75.0681483,0,1,3,2,0,0,581.7213425,LOW
36,86,Batong Buhay,PH175109004,inland water,0,164.8609486,4,1,3,3,0,0,1418.065842,MID
37,87,Batong Buhay,PH175109004,Annual Crop,0,146.639314,0,0,3,2,0,0,1092.351922,MID
38,88,Batong Buhay,PH175109004,Brush/Shrubs,0,168.7753023,0,0,3,2,0,1,1307.880874,MID
39,89,Malisbong,PH175109004,Brush/Shrubs,0,239.7372697,0,0,3,3,0,1,1822.383785,MID
40,90,Pag-Asa,PH175109006,Annual Crop,0,204.4484187,0,0,3,2,0,0,1522.986006,MID
41,91,Pag-Asa,PH175109006,Annual Crop,0,388.3533783,0,0,3,2,0,0,2892.938787,HIGH
42,92,Batong Buhay,PH175109019,Perennial Crop,0,1763.793945,3,1,3,2,0,0,14990.9138,HIGH
43,93,Batong Buhay,PH175109002,Built Up,1,1590.110229,47,1,3,2,1,0,0,LOW
44,93,Batong Buhay,PH175109002,Built Up,1,1590.110229,47,1,3,2,1,0,0,LOW
45,93,Batong Buhay,PH175109002,Built Up,1,1590.110229,47,1,3,2,1,0,0,LOW
46,93,Batong Buhay,PH175109002,Built Up,1,1590.110229,47,1,3,2,1,0,0,LOW
47,93,Batong Buhay,PH175109002,Built Up,1,1590.110229,47,1,3,2,1,0,0,LOW
48,93,Batong Buhay,PH175109002,Built Up,1,1590.110229,47,1,3,2,1,0,0,LOW
49,93,Batong Buhay,PH175109002,Built Up,1,1590.110229,47,1,3,2,1,0,0,LOW
50,93,Batong Buhay,PH175109002,Built Up,1,1590.110229,47,1,3,2,1,0,0,LOW
51,93,Batong Buhay,PH175109002,Built Up,1,1590.110229,47,1,3,2,1,0,0,LOW
52,93,Batong Buhay,PH175109002,Built Up,1,1590.110229,47,1,3,2,1,0,0,LOW
53,94,Pag-Asa,PH175109009,Built Up,0,506.9528427,4,1,3,2,2,0,1291.560146,MID
54,95,Pag-Asa,PH175109009,Brush/Shrubs,0,181.431633,1,1,3,1,2,1,453.9676753,LOW
55,96,Ligaya,PH175109018,,0,0,0,0,3,1,1,0,0,LOW
56,96,Ligaya,PH175109018,,0,0,0,0,3,1,1,0,0,LOW
57,96,Ligaya,PH175109018,,0,0,0,0,3,1,1,0,0,LOW
58,96,Ligaya,PH175109018,,0,0,0,0,3,1,1,0,0,LOW
59,96,Ligaya,PH175109018,,0,0,0,0,3,1,1,0,0,LOW
60,96,Ligaya,PH175109018,,0,0,0,0,3,1,1,0,0,LOW
61,96,Ligaya,PH175109018,,0,0,0,0,3,1,1,0,0,LOW
62,96,Ligaya,PH175109018,,0,0,0,0,3,1,1,0,0,LOW
63,96,Ligaya,PH175109018,,0,0,0,0,3,1,1,0,0,LOW
64,96,Ligaya,PH175109018,,0,0,0,0,3,1,1,0,0,LOW
65,97,Burgos,PH175109018,Perennial Crop,0,115.1348208,0,1,3,2,2,0,178.1933419,LOW
66,98,Burgos,PH175109018,,0,126.351181,0,0,3,1,0,0,992.3232849,MID
67,100,Burgos,PH175109018,,0,0,0,0,3,1,0,0,0,LOW
68,100,Burgos,PH175109018,,0,0,0,0,3,1,0,0,0,LOW
69,100,Burgos,PH175109018,,0,0,0,0,3,1,0,0,0,LOW
70,100,Burgos,PH175109018,,0,0,0,0,3,1,0,0,0,LOW
71,100,Burgos,PH175109018,,0,0,0,0,3,1,0,0,0,LOW
72,100,Burgos,PH175109018,,0,0,0,0,3,1,0,0,0,LOW
73,100,Burgos,PH175109018,,0,0,0,0,3,1,0,0,0,LOW
74,100,Burgos,PH175109018,,0,0,0,0,3,1,0,0,0,LOW
75,100,Burgos,PH175109018,,0,0,0,0,3,1,0,0,0,LOW
76,100,Burgos,PH175109018,,0,0,0,0,3,1,0,0,0,LOW
77,118,Malisbong,PH175109004,,0,201.3261737,0,0,2,2,0,0,1529.454653,MID
78,119,Malisbong,PH175109004,Annual Crop,0,104.5529099,0,1,2,2,0,0,825.6437931,MID
79,120,Malisbong,PH175109004,Annual Crop,0,42.1661644,0,0,2,2,0,0,320.3321016,LOW
80,121,Ligaya,PH175109004,Annual Crop,0,38.44743729,0,0,3,3,0,0,280.7273199,LOW
81,122,Ligaya,PH175109004,Annual Crop,0,74.7134107,0,0,3,2,0,0,556.5583713,LOW
82,123,Burgos,PH175109004,Annual Crop,0,86.37841034,0,0,3,3,0,0,630.6995041,LOW
83,124,Pag-Asa,PH175109006,Annual Crop,0,126.8078893,0,1,3,3,0,0,963.941241,MID
84,125,Pag-Asa,PH175109006,Annual Crop,0,239.6725464,0,1,3,2,0,0,1857.280866,MID
85,126,Batong Buhay,PH175109019,Annual Crop,0,732.4038544,0,1,3,2,2,0,1133.536228,MID
86,127,Batong Buhay,PH175109019,Brush/Shrubs,0,837.013031,0,1,2,1,1,1,2347.191042,HIGH
87,128,Pag-Asa,PH175109009,Brush/Shrubs,0,129.9716377,0,0,0,2,2,1,1026.372925,MID
88,129,Pag-Asa,PH175109009,Brush/Shrubs,0,60.39352036,0,1,2,2,1,1,144.9322358,LOW
89,130,Burgos,PH175109018,Brush/Shrubs,0,39.86988258,0,1,3,1,2,1,89.79262967,LOW
90,131,SanAgustin,PH175109018,Brush/Shrubs,0,36.45482635,0,1,3,2,2,1,67.35732293,LOW
91,132,San Agustin,PH175109018,Brush/Shrubs,0,83.03134727,2,1,3,2,1,1,228.5140427,LOW
92,133,San Agustin,PH175109018,Brush/Shubs,0,182.8433533,1,1,3,1,2,0,402.6469937,LOW
93,134,San Agustin,PH175109018,Annual Crop,0,331.8771591,0,1,3,1,0,0,2706.024204,HIGH
94,135,San Agustin,PH175109016,Annual Crop,0,112.4160118,0,0,3,2,0,0,837.4142186,MID
95,136,San Agustin,PH175109016,,0,133.0301182,0,0,3,2,0,0,990.9737118,MID
96,154,Burgos,PH175109004,Annual Crop,0,319.1649628,1,1,0,2,0,0,4579.522387,HIGH
97,155,Burgos,PH175109004,Annual Crop,0,66.37104511,0,1,2,2,0,0,524.1254547,LOW
98,156,Burgos,PH175109004,Annual Crop,0,46.39176464,0,0,1,2,0,0,371.1966608,LOW
99,157,Ligaya,PH175109021,Annual Crop,0,54.33431625,0,0,1,2,0,0,434.7477815,LOW
100,158,Malisbong,PH175109020,Annual Crop,0,72.73437119,2,0,2,3,0,0,578.1832102,LOW
101,159,Malisbong,PH175109020,Annual Crop,0,98.84300137,0,0,2,1,0,0,790.8772674,MID
102,160,Pag-Asa,PH175109006,Annual Crop,0,262.573143,1,0,2,1,0,0,2166.582421,MID
103,161,Batong Buhay,PH175109019,Brush/Shrubs,0,430.1041374,0,0,2,1,2,1,903.131711,MID
104,162,Malisbong,PH175109019,Brush/Shubs,0,214.2741547,1,0,0,2,2,0,1681.387698,MID
105,163,Malisbong,PH175109019,Brush/Shrubs,0,212.2247314,0,0,0,2,1,1,1761.751384,MID
106,164,Ligaya,PH175109024,Brush/Shrubs,0,71.30614948,0,0,0,1,2,1,591.937173,LOW
107,165,San Agustin,PH175109018,Brush/Shrubs,0,29.68353653,0,0,0,1,2,1,246.4133714,LOW
108,166,San Agustin,PH175109018,Brush/Shrubs,0,30.89974785,0,0,0,2,2,1,244.0121948,LOW
109,167,San Agustin,PH175109018,Brush/Shrubs,0,21.72891617,0,0,0,2,2,1,171.5910613,LOW
110,168,San Agustin,PH175109018,Brush/Shrubs,0,31.63377571,0,0,0,1,2,1,262.6029859,LOW
111,169,San Agustin,PH175109018,Annual Crop,0,76.30988312,2,0,0,1,2,0,648.7368847,LOW
112,170,San Agustin,PH175109016,Annual Crop,0,44.76221752,0,0,2,2,0,0,340.0540556,LOW
113,171,San Agustin,PH175109016,inland water,0,111.3374507,1,0,3,2,0,0,857.2141172,MID
114,188,Pag-Asa,PH175109004,,0,373.9398668,0,0,0,2,2,0,2840.783484,HIGH
115,189,Pag-Asa,PH175109004,Annual Crop,0,173.5868009,0,0,0,2,0,0,2395.228726,HIGH
116,190,San Agustin,PH175109007,Built Up,0,110.2808075,3,0,1,3,0,0,948.8221235,MID
117,191,Burgos,PH175109021,Annual Crop,0,99.19086456,0,0,0,2,0,0,1368.680147,MID
118,192,Burgos,PH175109021,Annual Crop,0,82.02555593,2,0,0,2,0,0,1172.838278,MID
119,193,Malisbong,PH175109020,Annual Crop,0,46.30811882,0,1,0,2,0,0,652.8726798,LOW
120,194,San Agustin,PH175109017,Annual Crop,0,104.2768326,0,1,0,1,0,0,1512.316324,MID
121,195,Batong Buhay,PH175109017,Annual Crop,0,305.6322784,1,1,0,1,2,0,2613.568022,HIGH
122,196,Batong Buhay,PH175109017,Brush/Shrubs,0,103.0152855,0,0,0,2,2,1,813.5013282,MID
123,197,Ligaya,PH175109024,Brush/Shrubs,0,75.42822011,0,0,0,2,2,1,595.6490529,LOW
124,198,Burgos,PH175109024,Brush/Shrubs,0,94.24123001,0,1,0,1,1,1,848.7173961,MID
125,199,Burgos,PH175109024,Brush/Shrubs,0,52.54802513,0,1,0,1,1,1,473.2368524,LOW
126,200,Burgos,PH175109024,Annual Crop,0,49.26616669,0,1,0,2,1,0,408.9756024,LOW
127,201,San Agustin,PH175109018,Brush/Shrubs,0,38.6944418,0,1,0,2,2,1,317.17444,LOW
128,202,San Agustin,PH175109018,Annual Crop,0,32.77511597,1,1,0,1,2,0,280.2714277,LOW
129,203,Batong Buhay,PH175109018,Annual Crop,0,34.68528811,0,1,0,1,2,0,287.9346527,LOW
130,204,San Agustin,PH175109016,Grassland,0,50.99588203,0,1,0,2,2,1,418.0081059,LOW
131,205,San Agustin,PH175109016,Annual Crop,0,66.46010971,0,1,2,1,2,0,139.5527905,LOW
132,206,San Agustin,PH175109016,,0,189.6020764,0,1,3,2,0,0,1469.272613,MID
133,224,San Agustin,PH175109007,Annual Crop,0,211.5861893,0,1,0,2,0,0,2983.037229,HIGH
134,225,San Agustin,PH175109007,Annual Crop,0,83.36628723,0,1,0,2,0,0,1175.3354,MID
135,226,Burgos,PH175109021,Barren,0,62.26786995,0,0,0,2,0,0,859.200066,MID
136,227,Burgos,PH175109021,Annual Crop,0,115.9672063,0,1,0,2,0,0,1634.957815,MID
137,228,Malisbong,PH175109004,Annual Crop,0,76.98187637,0,1,0,3,0,0,1073.958272,MID
138,229,Malisbong,PH175109004,Annual Crop,0,100.6183446,1,1,0,1,0,0,1484.41223,MID
139,230,Batong Buhay,PH175109017,Annual Crop,0,427.6791687,6,1,0,1,0,0,6844.106349,HIGH
140,231,Batong Buhay,PH175109017,Brush/Shrubs,0,275.6437912,1,1,0,2,1,1,2439.819165,HIGH
141,232,Batong Buhay,PH175109017,Brush/Shrubs,0,77.60093816,0,0,0,2,1,1,644.1924055,LOW
142,233,Batong Buhay,PH175109024,Brush/Shrubs,0,64.17419815,0,0,0,2,2,1,506.7771756,LOW
143,234,Batong Buhay,PH175109024,inland water,0,65.54134115,0,1,0,2,2,0,517.5733661,LOW
144,235,Malisbong,PH175109024,Annual Crop,0,95.55804062,0,1,0,1,1,0,831.908913,MID
145,236,Malisbong,PH175109024,Annual Crop,0,187.3348637,2,1,0,1,2,0,1648.799359,MID
146,237,Malisbong,PH175109024,Grassland,0,73.94545364,0,1,0,2,2,1,606.1234316,LOW
147,238,Pag-Asa,PH175109023,inland water,0,35.32730675,0,1,0,2,0,0,498.0602542,LOW
148,239,Pag-Asa,PH175109005,annual Crop,0,33.58775012,0,0,0,2,1,0,268.7472827,LOW
149,240,Pag-Asa,PH175109005,Brush/Shrubs,0,40.86975002,0,1,2,1,2,1,98.07913518,LOW
150,241,Pag-Asa,PH175109005,Built Up,0,249.9569626,1,1,3,2,0,0,1999.466549,MID
151,258,Batong Buhay,PH175109007,,0,161.4356842,0,0,0,2,3,0,1202.573683,MID
152,259,Batong Buhay,PH175109007,annual Crop,0,150.434227,0,1,0,2,3,0,1165.75142,MID
153,260,Batong Buhay,PH175109007,Barren,0,145.3583145,0,0,0,2,0,0,2005.719378,MID
154,261,Burgos,PH175109021,annual Crop,0,115.7382711,0,1,0,1,0,0,1678.540404,MID
155,262,Burgos,PH175109021,annual Crop,0,134.5793406,2,1,0,3,0,0,1944.778281,MID
156,263,Malisbong,PH175109004,annual Crop,0,258.8675537,1,1,0,1,0,0,3819.046758,HIGH
157,264,Malisbong,PH175109017,annual Crop,0,254.1030121,0,1,0,1,0,0,3685.230206,HIGH
158,265,Malisbong,PH175109017,annual Crop,0,179.5789261,0,1,0,2,1,0,1490.747188,MID
159,266,Malisbong,PH175109017,Brush/Shrubs,0,84.96152242,0,1,0,1,1,1,765.1462323,MID
160,267,Poblacion (Lumangbayan),PH175109001,Brush/Shrubs,0,52.87419128,0,0,0,2,1,1,438.9270707,LOW
161,268,Poblacion (Lumangbayan),PH175109001,Brush/Shrubs,0,34.95804787,0,0,0,1,1,1,304.3376718,LOW
162,269,Malisbong,PH175109024,Brush/Shrubs,0,52.36063131,0,0,0,2,2,1,413.4866288,LOW
163,270,Ligaya,PH175109024,Annual Crop,0,93.48990885,1,1,0,1,1,0,837.2766547,MID
164,271,Pag-Asa,PH175109023,Open Forest,0,112.1362813,0,1,0,2,2,0,885.5289129,MID
165,272,Pag-Asa,PH175109023,Open Forest,0,44.22051811,1,1,0,1,2,0,378.1450463,LOW
166,273,San Agustin,PH175109023,Annual Crop,0,28.87562752,1,1,0,1,1,0,258.6042612,LOW
167,274,Pag-Asa,PH175109005,Annual Crop,0,59.38480886,1,1,0,1,1,0,531.8382991,LOW
168,275,Burgos,PH175109008,Annual Crop,0,75.15876897,0,1,3,0,1,0,612.8214684,LOW
169,276,Burgos,PH175109008,Built Up,0,489.7289835,0,1,3,0,,0,,LOW
170,276,Burgos,PH175109008,Built Up,0,489.7289835,0,1,3,0,,0,,LOW
171,276,Burgos,PH175109008,Built Up,0,489.7289835,0,1,3,0,,0,,LOW
172,276,Burgos,PH175109008,Built Up,0,489.7289835,0,1,3,0,,0,,LOW
173,276,Burgos,PH175109008,Built Up,0,489.7289835,0,1,3,0,,0,,LOW
174,294,Malisbong,PH175109007,,0,144.0885627,0,1,0,2,3,0,1116.577324,MID
175,295,Malisbong,PH175109007,Barren,0,136.225268,0,1,0,3,1,0,1110.738905,MID
176,296,Malisbong,PH175109007,Brush/Shrubs,0,140.5917435,0,1,0,1,2,1,1209.278535,MID
177,297,Ligaya,PH175109022,barren,0,211.7267202,2,1,0,3,0,0,3059.619144,HIGH
178,298,Ligaya,PH175109004,Annual Crop,0,173.7971649,1,1,0,3,0,0,2468.057676,HIGH
179,299,Malisbong,PH175109014,annual Crop,0,186.2113597,0,1,0,1,0,0,2700.604459,HIGH
180,300,Ligaya,PH175109014,annual Crop,0,201.1806844,0,1,0,1,0,0,2917.703056,HIGH
181,301,Malisbong,PH175109017,Brush/Shrubs,0,114.4351158,0,1,0,1,2,1,984.2962731,MID
182,302,Ligaya,PH175109017,Brush/Shrubs,0,44.4528141,0,0,0,2,2,1,351.0393932,LOW
183,303,Claudio Salgado,PH175109001,Brush/Shrubs,0,28.25935555,0,0,0,2,2,1,223.1612829,LOW
184,304,Claudio Salgado,PH175109001,Annual Crop,0,54.77282715,0,1,0,2,1,0,454.6883081,LOW
185,305,Claudio Salgado,PH175109001,Built Up,0,186.9453913,1,1,0,2,2,0,1523.025263,MID
186,306,San Agustin,PH175109023,Open Forest,0,46.21413803,0,1,0,2,2,0,364.9483908,LOW
187,307,San Agustin,PH175109023,Open Forest,0,26.57545853,0,0,0,1,2,0,212.6394963,LOW
188,308,Batong Buhay,PH175109023,Open Forest,0,26.94951916,0,1,0,0,1,0,390.8461424,LOW
189,309,Pag-Asa,PH175109008,Open Forest,0,24.38389778,0,0,0,0,1,0,346.3220264,LOW
190,310,Pag-Asa,PH175109008,Annual Crop,0,33.97217369,0,1,0,0,1,0,492.6949886,LOW
191,311,Pag-Asa,PH175109008,Built Up,1,203.3147863,5,1,2,0,0,0,0,LOW
192,311,Pag-Asa,PH175109008,Built Up,1,203.3147863,5,1,2,0,0,0,0,LOW
193,311,Pag-Asa,PH175109008,Built Up,1,203.3147863,5,1,2,0,0,0,0,LOW
194,311,Pag-Asa,PH175109008,Built Up,1,203.3147863,5,1,2,0,0,0,0,LOW
195,311,Pag-Asa,PH175109008,Built Up,1,203.3147863,5,1,2,0,0,0,0,LOW
196,311,Pag-Asa,PH175109008,Built Up,1,203.3147863,5,1,2,0,0,0,0,LOW
197,311,Pag-Asa,PH175109008,Built Up,1,203.3147863,5,1,2,0,0,0,0,LOW
198,311,Pag-Asa,PH175109008,Built Up,1,203.3147863,5,1,2,0,0,0,0,LOW
199,311,Pag-Asa,PH175109008,Built Up,1,203.3147863,5,1,2,0,0,0,0,LOW
200,311,Pag-Asa,PH175109008,Built Up,1,203.3147863,5,1,2,0,0,0,0,LOW
201,312,Pag-Asa,PH175109008,Built Up,0,500.2253525,1,1,3,0,3,0,3927.563026,HIGH
202,313,Batong Buhay,PH175109003,,0,51.93804889,0,0,3,0,2,0,386.8991608,LOW
203,329,Malisbong,PH175109007,,0,112.8196498,0,1,0,2,3,0,874.2669112,MID
204,330,Malisbong,PH175109007,barren,0,124.8660787,0,0,0,3,2,0,930.1577956,MID
205,331,Ligaya,PH175109007,Brush/Shrubs,0,175.9283009,0,0,0,1,2,1,1460.442078,MID
206,332,Burgos,PH175109022,barren,0,151.6514562,0,1,0,3,0,0,2115.658172,MID
207,333,Ligaya,PH175109004,Grassland,0,122.8277397,0,1,0,1,0,1,1818.20657,MID
208,334,Ligaya,PH175109014,Built Up,0,343.697876,4,1,0,1,2,0,3196.853608,HIGH
209,335,Burgos,PH175109014,Built Up,0,361.9338341,0,1,0,2,2,0,2858.155014,HIGH
210,336,Burgos,PH175109014,Brush/Shrubs,0,110.1045284,0,1,0,2,2,1,902.5157235,MID
211,337,Poblacion (Lumangbayan),PH175109001,Brush/Shrubs,0,41.91342036,0,0,0,2,2,1,330.9860567,LOW
212,338,Poblacion (Lumangbayan),PH175109001,Annual Crop,0,47.23997116,0,1,0,3,2,0,366.0740283,LOW
213,339,Batong Buhay,PH175109023,Grassland,0,114.9148226,0,1,0,3,2,1,924.9773617,MID
214,340,Batong Buhay,PH175109023,Open Forest,0,141.0898104,0,1,0,3,2,0,1093.339263,MID
215,341,Batong Buhay,PH175109023,Open Forest,0,22.27457476,0,0,0,2,2,0,169.2176997,LOW
216,342,Malisbong,PH175109023,Open Forest,0,17.96354294,1,1,0,0,2,0,257.7489907,LOW
217,343,Pag-Asa,PH175109008,Open Forest,0,18.67279466,0,0,0,0,1,0,265.2078082,LOW
218,344,Pag-Asa,PH175109008,Open Forest,0,14.28537893,1,0,0,0,1,0,206.4651324,LOW
219,345,Pag-Asa,PH175109008,Brush/Shrubs,0,23.55871987,0,1,0,0,1,1,348.7373402,LOW
220,346,Pag-Asa,PH175109008,Annual Crop,0,91.63367939,0,1,2,0,1,0,760.6830761,MID
221,347,Batong Buhay,PH175109003,Brush/Shrubs,0,52.91871452,0,0,2,0,3,1,410.079992,LOW
222,348,Malisbong,PH175109003,Brush/Shrubs,0,133.9986038,0,0,2,0,2,1,1058.17347,MID
223,349,Malisbong,PH175109003,,0,423.8084412,0,0,2,0,2,0,3219.630018,HIGH
224,366,Burgos,PH175109011,barren,1,233.1816172,0,1,0,3,3,0,0,LOW
225,366,Burgos,PH175109011,barren,1,233.1816172,0,1,0,3,3,0,0,LOW
226,366,Burgos,PH175109011,barren,1,233.1816172,0,1,0,3,3,0,0,LOW
227,366,Burgos,PH175109011,barren,1,233.1816172,0,1,0,3,3,0,0,LOW
228,366,Burgos,PH175109011,barren,1,233.1816172,0,1,0,3,3,0,0,LOW
229,366,Burgos,PH175109011,barren,1,233.1816172,0,1,0,3,3,0,0,LOW
230,366,Burgos,PH175109011,barren,1,233.1816172,0,1,0,3,3,0,0,LOW
231,366,Burgos,PH175109011,barren,1,233.1816172,0,1,0,3,3,0,0,LOW
232,366,Burgos,PH175109011,barren,1,233.1816172,0,1,0,3,3,0,0,LOW
233,366,Burgos,PH175109011,barren,1,233.1816172,0,1,0,3,3,0,0,LOW
234,367,Burgos,PH175109011,Built Up,0,260.4488525,2,1,0,2,3,0,2148.505942,MID
235,368,Burgos,PH175109004,Grassland,0,105.7088051,0,1,0,2,2,1,866.4844226,MID
236,369,Burgos,PH175109014,Grassland,0,97.41366831,0,0,0,2,3,1,754.8822129,MID
237,370,San Agustin,PH175109014,Brush/Shrubs,0,152.267189,0,0,0,1,2,1,1264.02295,MID
238,371,San Agustin,PH175109014,Brush/Shrubs,0,131.9689941,0,1,0,2,2,1,1081.736545,MID
239,372,Claudio Salgado,PH175109001,Brush/Shrubs,0,125.7727432,1,1,0,2,2,1,1062.389687,MID
240,373,Claudio Salgado,PH175109001,inland water,0,102.8991941,0,1,0,2,2,0,812.5845661,MID
241,374,Malisbong,PH175109023,Grassland,0,45.64625168,0,0,0,3,2,1,353.7239083,LOW
242,375,Malisbong,PH175109023,Built Up,0,183.7136002,1,1,0,3,2,0,1469.569779,MID
243,376,Malisbong,PH175109023,Open Forest,0,36.0824337,0,1,0,2,2,0,284.9393427,LOW
244,377,Ligaya,PH175109023,Open Forest,0,15.88223743,0,0,0,1,2,0,127.0793113,LOW
245,378,Ligaya,PH175109023,Open Forest,0,13.74823221,0,0,0,0,3,0,187.674281,LOW
246,379,Pag-Asa,PH175109008,Open Forest,0,12.62824345,0,0,0,0,3,0,172.3855455,LOW
247,380,Pag-Asa,PH175109008,Brush/Shrubs,0,13.35993767,0,0,0,0,2,1,188.3544081,LOW
248,381,Pag-Asa,PH175109008,Brush/Shrubs,0,24.22939491,0,0,0,0,2,1,341.5969033,LOW
249,382,Malisbong,PH175109003,Brush/Shrubs,0,51.50092888,0,1,0,0,1,1,762.3630255,MID
250,383,Ligaya,PH175109003,Annual Crop,0,140.3841019,1,1,2,0,3,0,1122.966581,MID
251,384,Ligaya,PH175109003,Brush/Shrubs,0,254.2348251,0,1,3,0,2,1,2046.397953,MID
252,385,Ligaya,PH175109003,,0,,0,0,3,0,0,0,,LOW
253,385,Ligaya,PH175109003,,0,,0,0,3,0,0,0,,LOW
254,385,Ligaya,PH175109003,,0,,0,0,3,0,0,0,,LOW
255,385,Ligaya,PH175109003,,0,,0,0,3,0,0,0,,LOW
256,385,Ligaya,PH175109003,,0,,0,0,3,0,0,0,,LOW
257,399,Burgos,PH175109011,,0,65.69467942,0,0,0,0,3,0,896.7845127,MID
258,400,Pag-Asa,PH175109011,Brush/Shrubs,0,93.06293615,0,1,0,0,3,1,1326.2207,MID
259,401,Pag-Asa,PH175109011,Open Forest,0,160.2734966,1,1,0,2,3,0,1282.066688,MID
260,402,Pag-Asa,PH175109013,Open Forest,0,175.9719486,0,1,0,2,3,0,1363.649437,MID
261,403,San Agustin,PH175109013,inland water,0,109.7009811,0,0,0,2,3,0,817.1892944,MID
262,404,San Agustin,PH175109014,Grassland,0,194.6283989,0,1,0,2,3,1,1566.611329,MID
263,405,San Agustin,PH175109014,Grassland,0,314.3540497,0,0,0,1,2,1,2609.562413,HIGH
264,406,Claudio Salgado,PH175109001,Brush/Shrubs,0,135.6998444,0,0,0,3,2,1,1051.571105,MID
265,407,Claudio Salgado,PH175109001,Brush/Shrubs,0,216.5746053,0,1,0,1,2,1,1862.833583,MID
266,408,Claudio Salgado,PH175109001,inland water,0,68.17461586,0,0,0,3,2,0,507.8492979,LOW
267,409,Burgos,PH175109023,inland water,0,45.32822704,0,1,0,2,2,0,357.952441,LOW
268,410,Burgos,PH175109023,Open Forest,0,37.05409765,0,1,0,2,2,0,292.612475,LOW
269,411,Burgos,PH175109023,Open Forest,0,15.46136689,0,0,0,2,3,0,115.1754831,LOW
270,412,Pag-Asa,PH175109023,Open Forest,0,11.57266045,0,0,0,3,3,0,84.49879059,LOW
271,413,Pag-Asa,PH175109008,Open Forest,0,9.083059947,0,0,0,1,3,0,71.33555707,LOW
272,414,San Agustin,PH175109008,Brush/Shrubs,0,11.53627586,0,0,0,0,3,1,160.940204,LOW
273,415,San Agustin,PH175109008,Brush/Shrubs,0,17.98442221,0,0,0,0,1,1,260.8262508,LOW
274,416,Ligaya,PH175109003,Brush/Shrubs,0,23.18331003,0,0,0,0,1,1,336.2251934,LOW
275,417,Burgos,PH175109003,Brush/Shrubs,0,40.04743385,0,1,0,0,1,1,592.8181005,LOW
276,418,Ilvita,PH175109003,Brush/Shrubs,0,102.3540649,0,0,0,0,2,1,1443.033627,MID
277,419,Ilvita,PH175109003,,0,,0,0,3,0,3,0,,LOW
278,419,Ilvita,PH175109003,,0,,0,0,3,0,3,0,,LOW
279,419,Ilvita,PH175109003,,0,,0,0,3,0,3,0,,LOW
280,419,Ilvita,PH175109003,,0,,0,0,3,0,3,0,,LOW
281,419,Ilvita,PH175109003,,0,,0,0,3,0,3,0,,LOW
282,431,Pag-Asa,PH175109011,,0,40.55147552,0,0,0,0,3,0,553.5598246,LOW
283,432,Pag-Asa,PH175109011,,0,59.89774786,0,0,0,0,3,0,817.6517962,MID
284,433,Pag-Asa,PH175109011,,0,65.18899918,0,0,0,0,3,0,889.8815761,MID
285,434,Pag-Asa,PH175109011,inland water,0,85.64774367,0,0,0,0,3,0,1169.159675,MID
286,435,Pag-Asa,PH175109011,Brush/Shrubs,0,54.94699415,0,0,0,0,3,1,766.5541771,MID
287,436,Pag-Asa,PH175109011,Open Forest,0,35.26499176,0,0,0,1,3,0,276.9603908,LOW
288,437,Pag-Asa,PH175109011,Brush/Shrubs,0,59.50079981,0,0,0,1,3,1,485.1512074,LOW
289,438,San Agustin,PH175109013,Open Forest,0,109.916441,1,1,0,2,3,0,879.2483502,MID
290,439,San Agustin,PH175109013,Open Forest,0,78.78570684,0,1,0,2,2,0,622.1627873,LOW
291,440,San Agustin,PH175109013,inland water,0,423.6786194,0,1,0,3,2,0,3283.188687,HIGH
292,441,Claudio Salgado,PH175109001,Brush/Shrubs,0,391.4488144,1,1,0,3,1,1,3407.049993,HIGH
293,442,Ibud,PH175109001,Built Up,0,308.4035492,3,1,0,1,2,0,2791.467899,HIGH
294,443,Ibud,PH175109001,Grassland,0,222.0179825,0,1,0,0,2,1,3196.714734,HIGH
295,444,Pag-Asa,PH175109023,Open Forest,0,72.6302096,1,1,0,2,2,0,591.7109983,LOW
296,445,Pag-Asa,PH175109023,Open Forest,0,15.05509281,0,0,0,1,2,0,120.4610392,LOW
297,446,Pag-Asa,PH175109023,Open Forest,0,9.688328266,0,0,0,3,2,0,72.17071407,LOW
298,447,Pag-Asa,PH175109023,Open Forest,0,7.594075362,0,0,0,1,3,0,59.64153045,LOW
299,448,Pag-Asa,PH175109023,Open Forest,0,8.059304237,0,0,0,1,3,0,63.29529484,LOW
300,449,San Agustin,PH175109008,Brush/Shrubs,0,10.05222797,0,0,0,1,3,1,81.96277281,LOW
301,450,Batong Buhay,PH175109008,Brush/Shrubs,0,15.17900085,0,0,0,0,1,1,220.1395094,LOW
302,451,Ilvita,PH175109003,Built Up,0,17.47517967,0,0,0,0,1,0,248.198204,LOW
303,452,Lagnas,PH175109003,Brush/Shrubs,0,27.16820653,0,0,0,0,1,1,394.0177431,LOW
304,453,Paetan,PH175109003,Brush/Shrubs,0,55.31036568,0,1,0,0,1,1,818.753732,MID
305,454,San Francisco,PH175109003,,0,60.86114222,0,0,0,0,3,0,830.8028938,MID
306,464,Pag-Asa,PH175109011,,0,26.76913106,0,0,0,0,3,0,365.4198843,LOW
307,465,Pag-Asa,PH175109011,Brush/Shrubs,0,29.48088455,0,0,0,0,3,1,411.281737,LOW
308,466,Pag-Asa,PH175109011,Brush/Shrubs,0,42.53406048,0,0,0,0,3,1,593.3839009,LOW
309,467,Pag-Asa,PH175109011,inland water,0,62.74668439,0,0,0,0,3,0,856.5420409,MID
310,468,San Agustin,PH175109011,Brush/Shrubs,0,31.9956007,0,0,0,0,3,1,446.3640231,LOW
311,469,San Agustin,PH175109011,Brush/Shrubs,0,29.45230993,0,0,0,0,3,1,410.8830984,LOW
312,470,San Agustin,PH175109011,Brush/Shrubs,0,23.31697337,0,0,0,0,3,1,325.290284,LOW
313,471,San Agustin,PH175109011,Grassland,0,24.62623787,0,0,0,1,3,1,200.7947637,LOW
314,472,San Agustin,PH175109013,Open Forest,0,43.94114685,0,0,0,1,3,0,345.1002423,LOW
315,473,San Agustin,PH175109013,Open Forest,0,54.96343803,0,0,0,1,2,0,439.7816039,LOW
316,474,San Agustin,PH175109013,Open Forest,0,152.6717364,0,0,0,2,2,0,1159.831796,MID
317,475,San Agustin,PH175109013,Open Forest,0,488.1930745,0,0,0,3,3,0,3564.584353,HIGH
318,476,Santo Niño,PH175109001,Grassland,0,132.6371307,0,1,0,3,2,1,1067.628531,MID
319,477,Buenavista,PH175109001,Open Forest,0,118.6647619,0,1,0,0,3,0,1655.467607,MID
320,478,Poblacion (Lumangbayan),PH175109001,Open Forest,0,61.13228798,1,1,0,0,2,0,877.1535538,MID
321,479,Pag-Asa,PH175109023,Open Forest,0,10.26161067,0,0,0,2,2,0,77.95642214,LOW
322,480,Pag-Asa,PH175109023,Open Forest,0,7.021961451,0,0,0,1,2,0,56.18515836,LOW
323,481,Pag-Asa,PH175109023,Brush/Shrubs,0,7.034228166,0,0,0,1,2,1,58.39357706,LOW
324,482,Pag-Asa,PH175109023,Brush/Shrubs,0,8.320616961,0,0,0,1,2,1,69.07233833,LOW
325,483,Batong Buhay,PH175109008,Brush/Shrubs,0,8.534291744,0,0,0,1,1,1,74.29781233,LOW
326,484,Batong Buhay,PH175109008,Brush/Shrubs,0,10.61140919,0,0,0,0,2,1,149.6044178,LOW
327,485,San Francisco,PH175109003,Brush/Shrubs,0,11.47320867,0,0,0,0,2,1,161.7544543,LOW
328,486,San Francisco,PH175109003,Open Forest,0,17.01955128,0,0,0,0,3,0,232.3303826,LOW
329,487,Batong Buhay,PH175109003,Open Forest,0,45.09002876,2,1,0,0,1,0,676.4811271,LOW
330,488,Batong Buhay,PH175109003,,0,44.36927629,0,0,0,0,2,0,612.2272232,LOW
331,497,San Agustin,PH175109011,,0,16.32565451,0,0,0,0,3,0,222.8581409,LOW
332,498,Batong Buhay,PH175109011,Grassland,0,32.02089214,0,0,0,0,2,1,451.4449344,LOW
333,499,Batong Buhay,PH175109011,Brush/Shrubs,0,33.0113678,0,0,0,0,3,1,460.5347803,LOW
334,500,Batong Buhay,PH175109011,Grassland,0,18.07817745,0,0,0,0,3,1,252.2049232,LOW
335,501,Batong Buhay,PH175109011,Grassland,0,45.60326147,0,0,0,0,3,1,636.2016906,LOW
336,502,Malisbong,PH175109011,inland water,0,51.58086395,0,0,0,0,3,0,704.1197301,LOW
337,503,Malisbong,PH175109011,Brush/Shurbs,0,23.77998002,0,0,0,0,3,0,324.6156003,LOW
338,504,Malisbong,PH175109011,Grassland,0,17.10449028,0,0,0,0,3,1,238.6212144,LOW
339,505,Malisbong,PH175109011,Grassland,0,18.5015405,0,0,0,0,3,1,258.1111737,LOW
340,506,Malisbong,PH175109011,Brush/Shrubs,0,20.93030357,0,0,0,0,3,1,291.9943462,LOW
341,507,Ligaya,PH175109011,Grassland,0,21.66386223,0,0,0,0,3,1,302.2280716,LOW
342,508,San Agustin,PH175109013,Brush/Shrubs,0,29.41428566,0,0,0,0,3,1,410.3526296,LOW
343,509,Batong Buhay,PH175109013,Brush/Shrubs,0,54.97649002,0,0,0,0,3,1,766.9656679,MID
344,510,Batong Buhay,PH175109013,inland water,0,230.2076111,0,0,0,3,3,0,1680.88097,MID
345,511,Poblacion (Lumangbayan),PH175109001,inland water,0,230.7704525,0,1,0,1,2,0,1915.705872,MID
346,512,Santa Lucia,PH175109001,Open/barren,0,67.4524676,1,1,0,0,1,0,995.1194115,MID
347,513,Santa Lucia,PH175109001,Open Forest,0,68.83322906,0,1,0,0,2,0,970.4418116,MID
348,514,Pag-Asa,PH175109023,Open Forest,0,34.21513621,0,1,0,0,2,0,482.3803738,LOW
349,515,Pag-Asa,PH175109023,Open Forest,0,10.69578218,0,0,0,0,2,0,147.5852115,LOW
350,516,Pag-Asa,PH175109023,Open Forest,0,11.02364314,0,0,0,0,3,0,150.4814778,LOW
351,517,Pag-Asa,PH175109023,Brush/Shrubs,0,9.456963857,0,0,0,1,2,1,78.50554954,LOW
352,518,Pag-Asa,PH175109023,Brush/Shurbs,0,8.093322754,0,0,0,0,2,0,111.6753062,LOW
353,519,Batong Buhay,PH175109008,Brush/Shrubs,0,10.2040267,0,0,0,0,2,1,143.8609563,LOW
354,520,Malisbong,PH175109008,Open Forest,0,11.76021862,0,0,0,0,2,0,162.2727841,LOW
355,521,Malisbong,PH175109003,Open Forest,0,10.52670701,0,0,0,0,3,0,143.6979052,LOW
356,522,Malisbong,PH175109003,Open Forest,0,30.48769887,0,0,0,0,3,0,416.1812862,LOW
357,523,Malisbong,PH175109003,Open Forest,0,34.87989757,0,0,0,0,1,0,495.3956466,LOW
358,530,Ligaya,PH175109011,Grassland,0,9.953575158,0,0,0,0,3,1,138.8602731,LOW
359,531,Burgos,PH175109011,Grassland,0,9.373583794,0,0,0,0,3,1,130.7689333,LOW
360,532,Burgos,PH175109011,Grassland,0,13.2830286,0,0,0,0,3,1,185.3087911,LOW
361,533,Burgos,PH175109011,inland water,0,32.6439724,0,0,0,0,2,0,450.4362083,LOW
362,534,Pag-Asa,PH175109011,inland water,0,57.65667597,0,0,0,0,3,0,787.0593863,MID
363,535,Pag-Asa,PH175109011,inland water,0,69.65562248,0,0,0,0,2,0,961.139597,MID
364,536,Pag-Asa,PH175109011,inland water,0,40.50039291,0,0,0,0,3,0,552.8625064,LOW
365,537,Pag-Asa,PH175109011,Grassland,0,13.14004771,0,0,0,0,3,1,183.3140942,LOW
366,538,Pag-Asa,PH175109011,Brush/Shrubs,0,21.14084053,0,0,0,0,3,1,294.9315038,LOW
367,539,Pag-Asa,PH175109011,Brush/Shrubs,0,16.70249875,0,0,0,0,3,1,233.0131135,LOW
368,540,Pag-Asa,PH175109011,Brush/Shrubs,0,17.56160927,0,0,0,0,3,1,244.9983871,LOW
369,541,Pag-Asa,PH175109011,Grassland,0,22.28523064,0,0,0,0,3,1,310.8966541,LOW
370,542,Batong Buhay,PH175109013,Grassland,0,28.8061657,0,0,0,0,3,1,401.8688736,LOW
371,543,Batong Buhay,PH175109013,Brush/Shrubs,0,38.81019688,0,0,0,0,3,1,541.4330482,LOW
372,544,Batong Buhay,PH175109013,inland water,0,69.23349889,0,0,0,0,3,0,945.0922071,MID
373,545,Santa Lucia,PH175109001,Grassland,0,107.1382999,0,1,0,0,2,1,1542.625413,MID
374,546,Santa Lucia,PH175109001,Brush/Shrubs,0,69.59517288,0,0,0,0,3,1,970.9078959,MID
375,547,Claudio Salgado,PH175109001,Open Forest,0,67.4908193,0,0,0,0,3,0,921.3032476,MID
376,548,Claudio Salgado,PH175109001,inland water,0,23.07027435,0,1,0,0,3,0,321.8486369,LOW
377,549,Pag-Asa,PH175109023,Mangrove Open Forest,0,16.8181661,0,0,0,0,3,0,229.581315,LOW
378,550,San Agustin,PH175109023,Mangrove Open Forest,0,15.42837286,0,0,0,0,3,0,210.6095343,LOW
379,551,San Agustin,PH175109023,Brush/Shrubs,0,15.62127781,0,0,0,0,3,1,217.9292233,LOW
380,552,San Agustin,PH175109023,Open Forest,0,7.478356361,0,0,0,0,2,0,103.1897234,LOW
381,553,Malisbong,PH175109008,Brush/Shrubs,0,8.774517218,0,0,0,0,2,1,123.7070889,LOW
382,554,Malisbong,PH175109008,Brush/Shrubs,0,10.85194159,0,0,0,0,2,1,152.9955517,LOW
383,555,Malisbong,PH175109003,Open Forest,0,9.687030315,0,0,0,0,2,0,133.6659997,LOW
384,556,Ligaya,PH175109003,Open Forest,0,25.04508146,0,0,0,0,2,0,345.5832946,LOW
385,557,Ligaya,PH175109003,Open Forest,0,29.55070496,0,0,0,0,3,0,403.3905756,LOW
386,564,Pag-Asa,PH175109011,Grassland,0,13.25209595,0,0,0,0,3,1,184.877256,LOW
387,565,Pag-Asa,PH175109011,Grassland,0,13.19527404,0,0,0,0,3,1,184.0845453,LOW
388,566,Pag-Asa,PH175109011,Grassland,0,12.48338771,0,0,0,0,3,1,174.153166,LOW
389,567,Pag-Asa,PH175109011,Grassland,0,10.76484394,0,0,0,0,3,1,150.1781165,LOW
390,568,San Agustin,PH175109011,inland water,0,38.36341906,0,0,0,0,3,0,523.6911173,LOW
391,569,San Agustin,PH175109011,Brush/Shrubs,0,18.8752284,0,0,0,0,3,1,263.3244165,LOW
392,570,San Agustin,PH175109011,Brush/Shrubs,0,15.12416172,0,0,0,0,2,1,213.2272319,LOW
393,571,San Agustin,PH175109011,Open Forest,0,32.03367996,0,0,0,0,3,0,437.285155,LOW
394,572,San Agustin,PH175109011,Frrest,0,8.738948464,0,0,0,0,3,0,119.2935822,LOW
395,573,San Agustin,PH175109011,Open Forest,0,11.22783422,0,0,0,0,3,0,153.2688481,LOW
396,574,Batong Buhay,PH175109011,Open Forest,0,14.46012163,0,0,0,0,3,0,197.3921365,LOW
397,575,Batong Buhay,PH175109011,Grassland,0,17.60952425,0,0,0,0,3,1,245.6668391,LOW
398,576,Batong Buhay,PH175109011,Brush/Shrubs,0,23.1179781,0,0,0,0,3,1,322.5141421,LOW
399,577,Batong Buhay,PH175109011,Brush/Shrubs,0,26.02401781,0,0,0,0,3,1,363.0557024,LOW
400,578,Malisbong,PH175109013,Grassland,0,29.01051712,0,0,0,0,3,1,404.719738,LOW
401,579,Malisbong,PH175109013,Grassland,0,32.25636864,0,0,0,0,3,1,450.0019428,LOW
402,580,Claudio Salgado,PH175109001,inland water,0,80.13180065,0,0,0,0,3,0,1093.862676,MID
403,581,Claudio Salgado,PH175109001,Brush/Shubs,0,43.98254967,0,0,0,0,3,0,600.3967098,LOW
404,582,Claudio Salgado,PH175109001,Open Forest,0,71.35978317,0,0,0,0,3,0,974.117675,MID
405,583,Claudio Salgado,PH175109001,Brush/Shrubs,0,115.3449173,0,0,0,0,3,1,1609.15314,MID
406,584,Batong Buhay,PH175109023,inland water,0,25.88762474,0,0,0,0,3,0,353.3866234,LOW
407,585,Batong Buhay,PH175109023,Open Forest,0,8.557737708,0,0,0,0,3,0,116.8199116,LOW
408,586,Batong Buhay,PH175109023,Forres,0,7.714458704,0,0,0,0,3,0,105.3084839,LOW
409,587,Batong Buhay,PH175109023,Open Forest,0,8.511311412,0,0,0,0,3,0,116.1861558,LOW
410,588,Malisbong,PH175109023,Open Forest,0,9.326463699,0,0,0,0,3,0,127.3136314,LOW
411,589,Malisbong,PH175109008,Brush/Shrubs,0,10.28826118,0,0,0,0,3,1,143.5294087,LOW
412,590,Ligaya,PH175109008,Open Forest,0,11.16886091,0,0,0,0,3,0,152.4638156,LOW
413,591,Ligaya,PH175109003,Open Forest,0,23.03466082,0,0,0,0,2,0,317.8426067,LOW
414,592,Ligaya,PH175109003,Open Forest,0,34.17290974,0,0,0,0,2,0,471.5331732,LOW
415,593,Burgos,PH175109003,Open Forest,0,35.14398855,0,0,0,0,3,0,479.7433358,LOW
416,597,Malisbong,PH175109011,,0,9.373703962,0,0,0,0,3,0,127.9584985,LOW
417,598,Malisbong,PH175109011,Grassland,0,10.45425892,0,0,0,0,3,1,145.845209,LOW
418,599,Malisbong,PH175109011,Grassland,0,11.7732501,0,0,0,0,3,1,164.2461827,LOW
419,600,Malisbong,PH175109011,Grassland,0,11.42050409,0,0,0,0,3,1,159.3250959,LOW
420,601,Ligaya,PH175109011,Grassland,0,14.99301386,0,0,0,0,3,1,209.1644426,LOW
421,602,Ligaya,PH175109011,inland water,0,36.39029694,0,0,0,0,3,0,496.7564344,LOW
422,603,Ligaya,PH175109011,Brush/Shrubs,0,10.98594284,0,0,0,0,3,1,153.2626216,LOW
423,604,Burgos,PH175109011,Brush/Shrubs,0,9.571638743,0,0,0,0,3,1,133.531957,LOW
424,605,Burgos,PH175109011,Marshland/Swamp,0,17.34794283,0,0,0,0,2,0,239.374715,LOW
425,606,Burgos,PH175109011,Open Forest,0,9.186799049,0,0,0,0,3,0,125.4070981,LOW
426,607,Pag-Asa,PH175109011,Open Forest,0,6.894303799,0,0,0,0,3,0,94.11271853,LOW
427,608,Pag-Asa,PH175109011,Open Forest,0,7.362136126,0,0,0,0,3,0,100.4990011,LOW
428,609,Pag-Asa,PH175109011,Grassland,0,11.87354183,0,0,0,0,3,1,165.645332,LOW
429,610,Pag-Asa,PH175109011,Grassland,0,14.94124651,0,0,0,0,3,1,208.4422469,LOW
430,611,Pag-Asa,PH175109011,Grassland,0,16.00314426,0,0,0,0,3,1,223.2565633,LOW
431,612,Malisbong,PH175109013,Grassland,0,18.0083437,0,0,0,0,3,1,251.230687,LOW
432,613,Malisbong,PH175109013,inland water,0,32.20292854,0,0,0,0,3,0,439.5955325,LOW
433,614,Malisbong,PH175109013,inland water,0,44.62029839,0,0,0,0,3,0,609.102486,LOW
434,615,Ibud,PH175109001,Brush/Shrubs,0,55.73069763,0,0,0,0,3,1,777.4874627,MID
435,616,Ibud,PH175109001,Grassland,0,53.82970047,0,0,0,0,3,1,750.9670435,MID
436,617,Santo Niño,PH175109001,Grasland,0,133.9306819,0,0,0,0,3,0,1828.260102,MID
437,618,Santo Niño,PH175109001,Brush/Shrubs,0,22.58031178,0,0,0,0,3,1,315.0132702,LOW
438,619,Malisbong,PH175109023,inland water,0,14.26195621,0,0,0,0,3,0,194.6870213,LOW
439,620,Malisbong,PH175109023,Brush/Shrubs,0,7.605906487,0,0,0,0,3,1,106.1084319,LOW
440,621,Malisbong,PH175109023,Open Forest,0,6.028832197,0,0,0,0,3,0,82.29834428,LOW
441,622,Malisbong,PH175109023,Open Forest,0,7.644165754,0,0,0,0,3,0,104.3489293,LOW
442,623,Ligaya,PH175109008,Grassland,0,10.99455579,0,0,0,0,3,1,153.3827791,LOW
443,624,Burgos,PH175109008,Brush/Shrubs,0,10.72206688,0,0,0,0,3,1,149.5813426,LOW
444,625,Burgos,PH175109003,Open Forest,0,22.38230848,0,0,0,0,3,0,305.5362745,LOW
445,626,Burgos,PH175109003,Brush/Shrubs,0,28.72662735,0,0,0,0,3,1,400.7592504,LOW
446,627,Pag-Asa,PH175109003,Brush/Shrubs,0,31.11404419,0,0,0,0,1,1,451.2438264,LOW
447,631,Pag-Asa,PH175109011,,0,8.859739591,0,0,0,0,3,0,120.942477,LOW
448,632,Pag-Asa,PH175109011,Open Forest,0,8.704459349,0,0,0,0,3,0,118.8227784,LOW
449,633,Pag-Asa,PH175109011,Grassland,0,10.25004959,0,0,0,0,3,1,142.9963267,LOW
450,634,Pag-Asa,PH175109011,Grassland,0,11.57293129,0,0,0,0,3,1,161.4515764,LOW
451,635,Pag-Asa,PH175109011,Grassland,0,12.43424129,0,0,0,0,3,1,173.4675344,LOW
452,636,Pag-Asa,PH175109011,Grassland,0,10.82090783,0,0,0,0,3,1,150.9602523,LOW
453,637,San Agustin,PH175109011,inland water,0,18.56128097,0,0,0,0,3,0,253.3762164,LOW
454,638,San Agustin,PH175109011,inland water,0,18.29280472,0,0,0,0,3,0,249.7113025,LOW
455,639,San Agustin,PH175109011,Open Forest,0,9.776567459,0,0,0,0,3,0,133.457905,LOW
456,640,San Agustin,PH175109011,Open Forest,0,10.29615529,0,0,0,0,2,0,142.07098,LOW
457,641,San Agustin,PH175109011,Open Forest,0,11.17216849,0,0,0,0,3,0,152.5089667,LOW
458,642,San Agustin,PH175109011,Open Forest,0,7.874338865,0,0,0,0,3,0,107.490975,LOW
459,643,Batong Buhay,PH175109011,Open Forest,0,6.278117657,0,0,0,0,2,0,86.62829015,LOW
460,644,Batong Buhay,PH175109011,Grasslad,0,9.302407265,0,0,0,0,3,0,126.985242,LOW
461,645,Batong Buhay,PH175109011,Grassland,0,12.54159141,0,0,0,0,3,1,174.9651538,LOW
462,646,Batong Buhay,PH175109011,Grassland,0,12.50459838,0,0,0,0,3,1,174.4490717,LOW
463,647,Ligaya,PH175109013,Grassland,0,14.70704794,0,0,0,0,3,1,205.174991,LOW
464,648,Ligaya,PH175109013,inland water,0,26.84177017,0,0,0,0,3,0,366.4114658,LOW
465,649,Burgos,PH175109013,inland water,0,61.57376734,0,0,0,0,2,0,849.6225261,MID
466,650,Poblacion (Lumangbayan),PH175109001,Brush/Shrubs,0,29.01872921,0,0,0,0,3,1,404.8343032,LOW
467,651,Poblacion (Lumangbayan),PH175109001,Brush/Shrubs,0,46.22477245,0,0,0,0,3,1,644.872262,LOW
468,652,Santa Lucia,PH175109001,Grassland,0,129.7629369,0,0,0,0,3,1,1810.295956,MID
469,653,Santa Lucia,PH175109001,Grassland,0,186.6681137,0,0,0,0,3,1,2604.168335,HIGH
470,654,Ligaya,PH175109023,Grassland,0,19.32772319,0,0,0,0,3,1,269.637078,LOW
471,655,Ligaya,PH175109023,Brush/Shrubs,0,9.685738444,0,0,0,0,3,1,135.1237384,LOW
472,656,Burgos,PH175109023,Brush/Shrubs,0,7.757593751,0,0,0,0,3,1,108.2245896,LOW
473,657,Burgos,PH175109023,Grassland,0,7.52592357,0,0,0,0,3,1,104.9926068,LOW
474,658,Burgos,PH175109023,Grassland,0,9.341204643,0,0,0,0,3,1,130.3172184,LOW
475,659,Burgos,PH175109008,Brush/Shrubs,0,9.074832598,0,0,0,0,3,1,126.601117,LOW
476,660,Burgos,PH175109008,Grassland,0,11.29480851,0,0,0,0,3,1,157.5715428,LOW
477,661,Pag-Asa,PH175109003,Brush/Shrubs,0,31.41760969,0,0,0,0,3,1,438.3005898,LOW
478,662,Paetan,PH175109003,Brush/Shrubs,0,31.46425184,0,0,0,0,1,1,456.3228524,LOW
479,663,San Francisco,PH175109003,Brush/Shrubs,0,28.67532506,0,0,0,0,3,1,400.0435428,LOW
480,666,Malisbong,PH175109011,Open Forest,0,8.828904152,0,0,0,0,3,0,120.5215487,LOW
481,667,Malisbong,PH175109011,Open Forest,0,8.91038243,0,0,0,0,3,0,121.6337919,LOW
482,668,Malisbong,PH175109011,Open Forest,0,8.403087934,0,0,0,0,3,0,114.7088194,LOW
483,669,Malisbong,PH175109011,Grassland,0,9.346096516,0,0,0,0,3,1,130.3854639,LOW
484,670,Malisbong,PH175109011,Grassland,0,11.57672596,0,0,0,0,3,1,161.504515,LOW
485,671,Ligaya,PH175109011,Grassland,0,19.01048565,0,0,0,0,2,1,268.018374,LOW
486,672,Ligaya,PH175109011,Open Forest,0,7.830701351,0,0,0,0,2,0,108.051538,LOW
487,673,Burgos,PH175109011,open foret,0,7.334351778,0,0,0,0,2,0,101.2026834,LOW
488,674,Burgos,PH175109011,Open Forest,0,9.326532682,0,0,0,0,3,0,127.3145731,LOW
489,675,Burgos,PH175109011,Brush/Shrubs,0,12.88539028,0,0,0,0,3,1,179.7614209,LOW
490,676,Pag-Asa,PH175109011,Open Forest,0,10.61291313,0,0,0,0,2,0,146.4417471,LOW
491,677,Pag-Asa,PH175109011,Open Forest,0,7.374226888,0,0,0,0,3,0,100.6640496,LOW
492,678,Pag-Asa,PH175109011,Brush/Shrubs,0,7.672729254,0,0,0,0,3,1,107.0406626,LOW
493,679,Pag-Asa,PH175109011,Brush/Shrubs,0,9.876070976,0,0,0,0,3,1,137.7790283,LOW
494,680,Pag-Asa,PH175109011,Grassland,0,10.79840406,0,0,0,0,3,1,150.6463068,LOW
495,681,Burgos,PH175109013,Grassland,0,12.73338795,0,0,0,0,3,1,177.6408678,LOW
496,682,Burgos,PH175109013,Grassland,0,17.82464695,0,0,0,0,3,1,248.6679715,LOW
497,683,Pag-Asa,PH175109013,inland water,0,32.474226,0,0,0,0,3,0,443.2989581,LOW
498,684,Pag-Asa,PH175109013,Brush/Shrubs,0,38.8419075,0,1,0,0,3,1,553.5280088,LOW
499,685,Santa Lucia,PH175109001,Grassland,0,39.02647146,0,0,0,0,3,1,544.4502503,LOW
500,686,Santa Lucia,PH175109001,Grassland,0,90.13613892,0,0,0,0,3,1,1257.470675,MID
501,687,Santa Lucia,PH175109001,Grassland,0,84.55880737,0,0,0,0,3,1,1179.662473,MID
502,688,San Nicolas,PH175109001,Grassland,0,13.38884115,0,0,0,0,3,1,186.7849601,LOW
503,689,Pag-Asa,PH175109023,Grassland,0,11.03628508,0,0,0,0,3,1,153.9649358,LOW
504,690,Pag-Asa,PH175109023,Brush/Shrubs,0,8.206715584,0,0,0,0,3,1,114.4901957,LOW
505,691,Pag-Asa,PH175109023,Grassland,0,8.014149666,0,0,0,0,3,1,111.8037483,LOW
506,692,Pag-Asa,PH175109023,Grassland,0,6.782148838,0,0,0,0,3,1,94.61635895,LOW
507,693,Pag-Asa,PH175109008,Grassland,0,8.225261211,0,0,0,0,3,1,114.7489219,LOW
508,694,Pag-Asa,PH175109008,Brush/Shrubs,0,9.625121117,0,0,0,0,3,1,134.2780786,LOW
509,695,San Francisco,PH175109003,bruh/shrubs,0,18.98759747,0,0,0,0,3,0,259.195775,LOW
510,696,San Francisco,PH175109003,Brush/Shrubs,0,22.61660639,0,0,0,0,3,1,315.5196088,LOW
511,697,Batong Buhay,PH175109003,Brush/Shrubs,0,26.31115532,0,0,0,0,3,1,367.0614986,LOW
512,698,Batong Buhay,PH175109003,,0,14.87007427,0,0,0,0,3,0,202.9883154,LOW
513,701,Pag-Asa,PH175109011,Open Forest,0,8.981671914,0,0,0,0,3,0,122.6069499,LOW
514,702,Pag-Asa,PH175109011,Open Forest,0,6.157949289,0,0,0,0,3,0,84.06089506,LOW
515,703,Pag-Asa,PH175109011,Open Forest,0,5.067518075,0,0,0,0,3,0,69.17564356,LOW
516,704,Pag-Asa,PH175109011,Brush/Shrubs,0,7.492610216,0,0,0,0,3,1,104.527859,LOW
517,705,San Agustin,PH175109011,Brush/Shrubs,0,9.523451487,0,0,0,0,3,1,132.8597065,LOW
518,706,San Agustin,PH175109011,Grassland,0,13.33504645,0,0,0,0,3,1,186.0344813,LOW
519,707,San Agustin,PH175109011,Open Forest,0,9.911433856,0,0,0,0,2,0,136.7624206,LOW
520,708,San Agustin,PH175109011,Closed Forest,0,5.697745323,0,0,0,0,2,0,78.62005174,LOW
521,709,San Agustin,PH175109011,Open Forest,0,8.817282677,0,0,0,0,3,0,120.3629064,LOW
522,710,San Agustin,PH175109011,Brush/Shrubs,0,9.379762014,0,0,0,0,2,1,132.2401021,LOW
523,711,San Agustin,PH175109011,Brush/Shrubs,0,9.297629674,0,0,0,0,2,1,131.0821635,LOW
524,712,San Agustin,PH175109011,Brush/Shrubs,0,7.551606814,0,0,0,0,2,1,106.4659482,LOW
525,713,Batong Buhay,PH175109011,Open Forest,0,5.337560813,0,0,0,0,3,0,72.86194126,LOW
526,714,Batong Buhay,PH175109011,Brush/Shrubs,0,8.614073277,0,0,0,0,2,1,121.4450781,LOW
527,715,Batong Buhay,PH175109011,Grassland,0,9.912289619,0,0,0,0,3,1,138.2843071,LOW
528,716,Pag-Asa,PH175109013,Grassland,0,10.4498601,0,0,0,0,3,1,145.7838419,LOW
529,717,Pag-Asa,PH175109013,marshland,0,15.45304934,0,0,0,0,3,0,210.9463878,LOW
530,718,San Agustin,PH175109013,Grassland,0,23.68988323,0,0,0,0,3,1,330.4926726,LOW
531,719,San Agustin,PH175109013,Grassland,0,21.54078801,0,0,0,0,3,1,300.5110886,LOW
532,720,San Nicolas,PH175109001,Grassland,0,37.18618393,0,0,0,0,3,1,518.7767787,LOW
533,721,Claudio Salgado,PH175109001,Grassland,0,50.28224564,0,0,0,0,3,1,701.4772332,LOW
534,722,Claudio Salgado,PH175109001,Grassland,0,87.2122612,0,0,0,0,3,1,1216.68026,MID
535,723,Claudio Salgado,PH175109001,Brush/Shrubs,0,29.97346973,0,0,0,0,3,1,418.1536912,LOW
536,724,Pag-Asa,PH175109023,Brush/Shrubs,0,9.941796621,0,0,0,0,3,1,138.6959532,LOW
537,725,Pag-Asa,PH175109023,Brush/Shrubs,0,9.4255174,0,0,0,0,3,1,131.4934483,LOW
538,726,Pag-Asa,PH175109023,Grassland,0,8.630241712,0,0,0,0,3,1,120.3987213,LOW
539,727,Pag-Asa,PH175109023,Grassland,0,8.63316981,0,0,0,0,3,1,120.4395706,LOW
540,728,Pag-Asa,PH175109023,Brush/Shrubs,0,8.359398603,0,0,0,0,3,1,116.620245,LOW
541,729,Pag-Asa,PH175109008,Brush/Shrubs,0,8.311197758,0,0,0,0,2,1,117.1750028,LOW
542,730,Pag-Asa,PH175109008,Brush/Shrubs,0,18.52945582,0,0,0,0,3,1,258.5006146,LOW
543,731,Malisbong,PH175109003,Brush/Shrubs,0,19.28867213,0,0,0,0,3,1,269.0922847,LOW
544,732,Malisbong,PH175109003,Grassland,0,23.4315052,0,0,0,0,3,1,326.888094,LOW
545,733,Malisbong,PH175109003, Brush/Shrubs,0,13.6157999,0,0,0,0,3,0,185.8664748,LOW
546,736,Batong Buhay,PH175109011,,0,8.788263096,0,0,0,0,3,0,119.9667661,LOW
547,737,Malisbong,PH175109011,Open Forest,0,5.913771629,0,0,0,0,3,0,80.72767621,LOW
548,738,Malisbong,PH175109011,Open Forest,0,5.543012142,0,0,0,0,3,0,75.66651495,LOW
549,739,Malisbong,PH175109011,Open Forest,0,6.670318365,0,0,0,0,3,0,91.05513959,LOW
550,740,Malisbong,PH175109011,Brush/Shrubs,0,10.76697795,0,0,0,0,3,1,150.2078876,LOW
551,741,Ligaya,PH175109011,inland water,0,11.8708396,0,0,0,0,3,0,162.0463818,LOW
552,742,Ligaya,PH175109011,Open Forest,0,5.803814054,0,0,0,0,3,0,79.22666804,LOW
553,743,Ligaya,PH175109011,open fores,0,4.560610294,0,0,0,0,2,0,62.92935134,LOW
554,744,Burgos,PH175109011,Open Forest,0,5.387404283,0,0,0,0,2,0,74.33782654,LOW
555,745,Burgos,PH175109011,Brush/Shrubs,0,7.104698896,0,0,0,0,2,1,100.1652394,LOW
556,746,Burgos,PH175109011,Open Forest,0,8.235153794,0,0,0,0,2,0,113.6323547,LOW
557,747,Pag-Asa,PH175109011,Open Forest,0,5.642403444,0,0,0,0,2,0,77.85641961,LOW
558,748,Pag-Asa,PH175109011,Open Forest,0,5.479921103,0,0,0,0,3,0,74.8052722,LOW
559,749,Pag-Asa,PH175109011,Grassland,0,9.538972537,0,0,0,0,3,1,133.0762375,LOW
560,750,San Agustin,PH175109013,Grassland,0,9.710916281,0,0,0,0,3,1,135.4749892,LOW
561,751,San Agustin,PH175109013,Grassland,0,11.11250806,0,0,0,0,3,1,155.0283069,LOW
562,752,San Agustin,PH175109013,marshland/swamp,0,16.05635548,0,0,0,0,3,0,219.1819954,LOW
563,753,San Agustin,PH175109013,marshland/swamp,0,17.01358604,0,0,0,0,3,0,232.2489523,LOW
564,754,San Agustin,PH175109013,Grassland ,0,19.00072352,0,0,0,0,3,0,259.374956,LOW
565,755,Victoria,PH175109001,Grassland,0,25.33945942,0,0,0,0,3,1,353.5055696,LOW
566,756,Tagumpay,PH175109001,Grassland,0,33.50107861,0,0,0,0,3,1,467.3666348,LOW
567,757,Tagumpay,PH175109001,Grassland,0,35.16949526,0,0,0,0,3,1,490.6423712,LOW
568,758,Ibud,PH175109001,Grassland,0,31.25879717,0,0,0,0,3,1,436.0850291,LOW
569,759,Pag-Asa,PH175109023,Grassland,0,8.532045682,0,0,0,0,3,1,119.0288087,LOW
570,760,Pag-Asa,PH175109023,Grassland,0,7.711214662,0,0,0,0,3,1,107.5775645,LOW
571,761,Pag-Asa,PH175109023,Grassland,0,8.537082195,0,0,0,0,3,1,119.0990721,LOW
572,762,Pag-Asa,PH175109023,Grassland,0,7.849155903,0,0,0,0,3,1,109.5019543,LOW
573,763,Pag-Asa,PH175109008,Brush/Shrubs,0,7.425451597,0,0,0,0,3,1,103.590943,LOW
574,764,Pag-Asa,PH175109008,Brush/Shrubs,0,15.73624992,0,0,0,0,3,1,219.5331755,LOW
575,765,Malisbong,PH175109003,Brush/Shrubs,0,16.18002391,0,0,0,0,3,1,225.7241748,LOW
576,766,Malisbong,PH175109003,Grassland,0,19.01361338,0,0,0,0,3,1,265.2549968,LOW
577,767,Ligaya,PH175109003,Grassland,0,22.53149319,0,0,0,0,3,1,314.3322121,LOW
578,768,Ligaya,PH175109003,,0,11.89629473,0,1,0,0,3,0,165.962753,LOW
579,772,Pag-Asa,PH175109011,Annual Crop,0,8.59630374,0,0,0,0,3,0,117.3463685,LOW
580,773,Pag-Asa,PH175109011,Open Forest,0,7.521201611,0,0,0,0,3,0,102.6703712,LOW
581,774,Pag-Asa,PH175109011,close forest,0,4.698061228,0,0,0,0,3,0,64.13226438,LOW
582,775,Pag-Asa,PH175109011,Brush/Shrubs,0,6.895697117,0,0,0,0,3,1,96.20044756,LOW
583,776,Pag-Asa,PH175109011,close forest,0,10.53162766,0,0,0,0,3,0,143.765076,LOW
584,777,San Agustin,PH175109011,close forest,0,4.954045534,0,0,0,0,3,0,67.62665332,LOW
585,778,San Agustin,PH175109011,close forest,0,4.907727003,0,0,0,0,3,0,66.99436861,LOW
586,779,San Agustin,PH175109011,Open Forest,0,4.526484728,0,0,0,0,2,0,62.45847144,LOW
587,780,San Agustin,PH175109011,Open Forest,0,4.518235922,0,0,0,0,3,0,61.67750624,LOW
588,781,San Agustin,PH175109011,Open Forest,0,5.147313833,0,0,0,0,2,0,71.02495056,LOW
589,782,San Agustin,PH175109011,Open Forest,0,4.66847086,0,0,0,0,3,0,63.72833237,LOW
590,783,San Agustin,PH175109011,Open Forest,0,4.82603089,0,0,0,0,2,0,66.59174406,LOW
591,784,San Agustin,PH175109011,Open Forest,0,7.774183273,0,0,0,0,3,0,106.1237717,LOW
592,785,San Agustin,PH175109013,Brush/Shrubs,0,9.989846706,0,0,0,0,3,1,139.36629,LOW
593,786,San Agustin,PH175109013,Brush/Shrubs,0,11.09543896,0,0,0,0,3,1,154.7901794,LOW
594,787,San Agustin,PH175109013,Brush/Shrubs,0,12.6544342,0,0,0,0,3,1,176.5394003,LOW
595,788,Batong Buhay,PH175109013,Grassland,0,10.03569269,0,0,0,0,3,1,140.0058779,LOW
596,789,Batong Buhay,PH175109013,Grassland,0,12.87547588,0,0,0,0,3,1,179.6231072,LOW
597,790,Santo Niño,PH175109001,Grassland,0,14.88522577,0,0,0,0,3,1,207.6607132,LOW
598,791,Santo Niño,PH175109001,Grassland,0,19.08258057,0,0,0,0,3,1,266.2171439,LOW
599,792,Santo Niño,PH175109001,Grassland,0,24.1137495,0,0,0,0,3,1,336.4059434,LOW
600,793,Tuban,PH175109001,Grassland,0,43.33654785,0,0,0,0,3,1,604.5792366,LOW
601,794,Pag-Asa,PH175109023,Grassland,0,37.50471846,0,0,0,0,3,1,523.2205882,LOW
602,795,Pag-Asa,PH175109023,Grassland,0,10.71815681,0,0,0,0,3,1,149.526794,LOW
603,796,San Agustin,PH175109023,Grassland,0,7.846365452,0,0,0,0,3,1,109.4630253,LOW
604,797,San Agustin,PH175109023,Brush/Shrubs,0,7.918413877,0,0,0,0,3,1,110.468158,LOW
605,798,San Agustin,PH175109023,Open Forest,0,6.214098454,0,0,0,0,3,0,84.82737572,LOW
606,799,Pag-Asa,PH175109008,Brush/Shrubs,0,12.819942,0,0,0,0,3,1,178.8483655,LOW
607,800,Pag-Asa,PH175109008,Grassland,0,18.24327469,0,0,0,0,3,1,254.5081607,LOW
608,801,Ligaya,PH175109003,Grassland,0,15.80478048,0,0,0,0,3,1,220.4892312,LOW
609,802,Burgos,PH175109003,Grassland,0,20.186903,0,0,0,0,3,1,281.6233182,LOW
610,803,Burgos,PH175109003,Brush/Shrubs,0,12.59914112,0,1,0,0,3,1,179.5477603,LOW
611,807,Batong Buhay,PH175109011,,0,11.57294851,0,0,0,0,3,0,157.979932,LOW
612,808,Batong Buhay,PH175109011,Open Forest,0,5.863454223,0,0,0,0,3,0,80.04080368,LOW
613,809,Batong Buhay,PH175109011,Closed Forest,0,4.530768156,0,0,0,0,3,0,61.84858118,LOW
614,810,Batong Buhay,PH175109011,Open Forest,0,6.207545042,0,0,0,0,3,0,84.73791645,LOW
615,811,Malisbong,PH175109011,Closed Forest,0,5.841021061,0,0,0,0,3,0,79.73457321,LOW
616,812,Malisbong,PH175109011,Closed Forest,0,7.419038773,0,0,0,0,2,0,102.3712327,LOW
617,813,Malisbong,PH175109011,Open Forest,0,5.692498922,0,0,0,0,3,0,77.70712814,LOW
618,814,Malisbong,PH175109011,Open Forest,0,5.259918451,0,0,0,0,3,0,71.80206139,LOW
619,815,Malisbong,PH175109011,Open Forest,0,6.285950541,0,0,0,0,3,0,85.80821373,LOW
620,816,Ligaya,PH175109011,Open Forest,0,7.065733314,0,0,0,0,2,0,97.49616511,LOW
621,817,Ligaya,PH175109011,Open Forest,0,5.918736339,0,0,0,0,3,0,80.79544844,LOW
622,818,Burgos,PH175109011,Open Forest,0,5.891236544,0,0,0,0,3,0,80.42005441,LOW
623,819,Batong Buhay,PH175109013,Open Forest,0,6.986402869,0,0,0,0,3,0,95.36994393,LOW
624,820,Batong Buhay,PH175109013,Brush/Shrubs,0,6.558426559,0,0,0,0,3,1,91.4952556,LOW
625,821,Batong Buhay,PH175109013,Brush/Shrubs,0,5.932031989,0,0,0,0,3,1,82.75655421,LOW
626,822,Malisbong,PH175109013,Grassland,0,3.995274365,0,0,0,0,3,1,55.73724824,LOW
627,823,Malisbong,PH175109013,Grassland,0,3.338543296,0,0,0,0,3,1,46.57532862,LOW
628,824,Malisbong,PH175109013,Grassland,0,4.054455459,0,0,0,0,3,1,56.56287147,LOW
629,825,Santa Lucia,PH175109001,Grassland,0,14.25667191,0,0,0,0,3,1,198.891888,LOW
630,826,Santa Lucia,PH175109001,Grassland,0,20.24526691,0,0,0,0,3,1,282.4375411,LOW
631,827,Santa Lucia,PH175109001,Grassland,0,29.53644419,0,0,0,0,3,1,412.0568381,LOW
632,828,Santa Lucia,PH175109001,Grassland,0,48.05089569,0,0,0,0,3,1,670.3481305,LOW
633,829,San Agustin,PH175109023,Open Forest,0,40.32843876,0,0,0,0,3,0,550.5151958,LOW
634,830,Batong Buhay,PH175109023,Grassland,0,8.114606261,0,0,0,0,3,1,113.2051975,LOW
635,831,Batong Buhay,PH175109023,Grassland,0,7.245854378,0,0,0,0,3,1,101.0854193,LOW
636,832,Batong Buhay,PH175109023,Grassland,0,7.149304867,0,0,0,0,3,1,99.73847695,LOW
637,833,Pag-Asa,PH175109008,Grassland,0,10.66420209,0,0,0,0,3,1,148.7740828,LOW
638,834,Pag-Asa,PH175109008,Grassland,0,16.88325357,0,0,0,0,3,1,235.5347867,LOW
639,835,Pag-Asa,PH175109008,Grassland,0,18.40709686,0,0,0,0,3,1,256.79361,LOW
640,836,Burgos,PH175109003,Grassland,0,18.86385679,0,0,0,0,2,1,265.9511344,LOW
641,837,Burgos,PH175109003,Grassland,0,19.4872694,0,1,0,0,3,1,277.709055,LOW
642,838,Pag-Asa,PH175109003,,0,10.48974609,0,0,0,0,3,0,143.1933593,LOW
643,843,Burgos,PH175109011,,0,11.79453252,0,0,0,0,3,0,161.0047296,LOW
644,844,Burgos,PH175109011,Open Forest,0,9.103599548,1,0,0,0,3,0,126.5472588,LOW
645,845,Pag-Asa,PH175109011,Closed Forest,0,5.781109492,0,0,0,0,3,0,78.91673275,LOW
646,846,Pag-Asa,PH175109011,Closed Forest,0,5.91167593,0,0,0,0,3,0,80.69906825,LOW
647,847,Pag-Asa,PH175109011,Closed Forest,0,7.314162493,0,0,0,0,3,0,99.84412292,LOW
648,848,Pag-Asa,PH175109011,Open Forest,0,7.688767115,0,0,0,0,3,0,104.9577733,LOW
649,849,Pag-Asa,PH175109011,Open Forest,0,7.316633701,0,0,0,0,3,0,99.87785687,LOW
650,850,Pag-Asa,PH175109011,Open Forest,0,6.179512024,0,0,0,0,3,0,84.3552435,LOW
651,851,Pag-Asa,PH175109011,Open Forest,0,7.344872713,0,0,0,0,3,0,100.2633418,LOW
652,852,San Agustin,PH175109011,Open Forest,0,7.442224503,0,0,0,0,3,0,101.592271,LOW
653,853,San Agustin,PH175109011,Open Forest,0,5.461162965,0,0,0,0,3,0,74.54920873,LOW
654,854,Malisbong,PH175109013,Open Forest,0,2.655557513,0,0,0,0,3,0,36.25046764,LOW
655,855,Ligaya,PH175109013,Open Forest,0,1.725044549,0,0,0,0,3,0,23.54822718,LOW
656,856,Ligaya,PH175109013,Open Forest,0,2.729035735,0,0,0,0,3,0,37.25350368,LOW
657,857,Burgos,PH175109013,Open Forest,0,3.372220755,0,0,0,0,3,0,46.03348967,LOW
658,858,Burgos,PH175109013,Open Forest,0,3.14249742,0,0,0,0,3,0,42.89758383,LOW
659,859,Burgos,PH175109013,Grassland,0,4.311865727,0,0,0,0,3,1,60.15394901,LOW
660,860,Santa Lucia,PH175109001,Grassland,0,3.887423754,0,0,0,0,3,1,54.23264663,LOW
661,861,San Nicolas,PH175109001,Grassland,0,12.67021513,0,0,0,0,3,1,176.7595568,LOW
662,862,San Nicolas,PH175109001,Grassland,0,15.65327644,0,0,0,0,3,1,218.3756296,LOW
663,863,Claudio Salgado,PH175109001,Grassland,0,40.0592041,0,0,0,0,3,1,558.8576902,LOW
664,864,Batong Buhay,PH175109023,Grassland,0,46.31523259,0,0,0,0,3,1,646.1342528,LOW
665,865,Malisbong,PH175109023,Grassland,0,29.97803402,0,0,0,0,3,1,418.2173667,LOW
666,866,Malisbong,PH175109023,Grassland,0,7.238147259,0,0,0,0,3,1,100.9778988,LOW
667,867,Malisbong,PH175109023,Grassland,0,7.391328812,0,0,0,0,3,1,103.1149031,LOW
668,868,Malisbong,PH175109023,Grassland,0,11.63965797,0,0,0,0,3,1,162.3824665,LOW
669,869,Pag-Asa,PH175109008,Grassland,0,17.80263265,0,0,0,0,3,1,248.3608545,LOW
670,870,Pag-Asa,PH175109008,Grassland,0,17.03166771,0,0,0,0,3,1,237.6052818,LOW
671,871,Pag-Asa,PH175109003,Grassland,0,21.55852413,0,0,0,0,3,1,300.7585216,LOW
672,872,Pag-Asa,PH175109003,Grassland,0,18.83655357,0,0,0,0,3,1,262.7848719,LOW
673,873,San Agustin,PH175109003,Grassland,0,11.5564332,0,0,0,0,3,1,161.2214149,LOW
674,878,San Agustin,PH175109011,,0,10.23329639,0,0,0,0,3,0,139.6926174,LOW
675,879,San Agustin,PH175109011,Open Forest,0,9.991350651,12,0,0,0,3,0,166.363918,LOW
676,880,San Agustin,PH175109011,Open Forest,0,8.048978488,0,0,0,0,3,0,109.8749444,LOW
677,881,San Agustin,PH175109011,Open Forest,0,8.165388584,0,0,0,0,3,0,111.4640346,LOW
678,882,San Agustin,PH175109011,Open Forest,0,8.768725713,0,0,0,0,3,0,119.7000653,LOW
679,883,San Agustin,PH175109011,Closed Forest,0,6.107121229,0,0,0,0,2,0,84.26880456,LOW
680,884,San Agustin,PH175109011,Closed Forest,0,4.56114006,0,0,0,0,3,0,62.26318177,LOW
681,885,Batong Buhay,PH175109011,Closed Forest,0,6.187243621,0,0,0,0,3,0,84.46078594,LOW
682,886,Batong Buhay,PH175109011,Open Forest,0,6.771686494,0,0,0,0,3,0,92.438895,LOW
683,887,Pag-Asa,PH175109013,Open Forest,0,3.811326027,0,0,0,0,3,0,52.02762513,LOW
684,888,Pag-Asa,PH175109013,Open Forest,0,2.675088406,0,0,0,0,3,0,36.51707983,LOW
685,889,Pag-Asa,PH175109013,Open Forest,0,2.406411211,0,0,0,0,3,0,32.84942288,LOW
686,890,San Agustin,PH175109013,Open Forest,0,1.797914594,0,0,0,0,2,0,24.80843393,LOW
687,891,San Agustin,PH175109013,Open Forest,0,1.829194576,0,0,0,0,3,0,24.9699577,LOW
688,892,San Agustin,PH175109013,Open Forest,0,2.611518542,0,0,0,0,3,0,35.64930073,LOW
689,893,San Agustin,PH175109013,Grassland,0,4.02341342,0,0,0,0,3,1,56.12981039,LOW
690,894,San Agustin,PH175109013,Grassland,0,3.958586454,0,0,0,0,3,1,55.22542277,LOW
691,895,Claudio Salgado,PH175109001,Grassland,0,3.973752737,0,0,0,0,3,1,55.43700445,LOW
692,896,Ilvita,PH175109001,Grassland,0,10.8369263,0,0,0,0,3,1,151.1837226,LOW
693,897,Victoria,PH175109001,Grassland,0,26.54621951,0,0,0,0,3,1,370.3408306,LOW
694,898,Victoria,PH175109001,Grassland,0,45.7573185,0,0,0,0,3,1,638.3509084,LOW
695,899,Ligaya,PH175109023,Grassland,0,45.95935694,0,0,0,0,3,1,641.169505,LOW
696,900,Ligaya,PH175109023,Grassland,0,19.33342361,0,0,0,0,3,1,269.7166033,LOW
697,901,Burgos,PH175109023,Grassland,0,7.285947323,0,0,0,0,3,1,101.6447477,LOW
698,902,Burgos,PH175109023,Grassland,0,9.387750626,0,0,0,0,3,1,130.9665718,LOW
699,903,Pag-Asa,PH175109008,Grassland,0,16.42712752,0,0,0,0,3,1,229.1714663,LOW
700,904,San Agustin,PH175109008,Grassland,0,18.17880758,0,0,0,0,3,1,253.6087934,LOW
701,905,San Agustin,PH175109008,Grassland,0,22.01255608,0,0,0,0,3,1,307.0926276,LOW
702,906,San Agustin,PH175109003,Grassland,0,27.40178363,0,0,0,0,3,1,382.2766291,LOW
703,907,San Francisco,PH175109003,Grassland,0,17.43581581,0,0,0,0,3,1,243.2434685,LOW
704,908,San Francisco,PH175109003,,0,11.25041501,0,0,0,0,3,0,153.5770938,LOW
705,914,Batong Buhay,PH175109011,,0,15.23780656,0,0,0,0,3,0,208.008153,LOW
706,915,Batong Buhay,PH175109011,Open Forest,0,11.49227969,0,0,0,0,3,0,156.8787386,LOW
707,916,Malisbong,PH175109011,Open Forest,0,7.437391917,1,0,0,0,3,0,103.3856503,LOW
708,917,Malisbong,PH175109011,Open Forest,0,11.90090529,1,0,0,0,3,0,165.4320287,LOW
709,918,Malisbong,PH175109011,Closed Forest,0,6.921043555,0,0,0,0,3,0,94.47773742,LOW
710,919,Malisbong,PH175109011,Closed Forest,0,5.086328268,0,0,0,0,2,0,70.18344432,LOW
711,920,Malisbong,PH175109011,Closed Forest,0,4.110956351,0,0,0,0,3,0,56.11781685,LOW
712,921,Ligaya,PH175109011,Open Forest,0,3.39963309,0,0,0,0,3,0,46.4076898,LOW
713,922,San Agustin,PH175109013,Open Forest,0,3.102591276,0,0,0,0,3,0,42.35283329,LOW
714,923,San Agustin,PH175109013,Open Forest,0,2.946894805,0,0,0,0,2,0,40.66257948,LOW
715,924,San Agustin,PH175109013,Open Forest,0,2.443574667,0,0,0,0,3,0,33.35673355,LOW
716,925,San Agustin,PH175109013,Open Forest,0,2.472245296,0,0,0,0,3,0,33.74811039,LOW
717,926,San Agustin,PH175109013,Open Forest,0,1.875352412,0,0,0,0,3,0,25.6000488,LOW
718,927,Batong Buhay,PH175109013,Open Forest,0,1.93199861,0,0,0,0,3,0,26.37331436,LOW
719,928,Batong Buhay,PH175109013,Open Forest,0,2.429291368,0,0,0,0,3,0,33.16175518,LOW
720,929,Batong Buhay,PH175109013,Grassland,0,3.843780994,0,0,0,0,3,1,53.62379549,LOW
721,930,Tagumpay,PH175109001,Grassland,0,4.130314032,0,0,0,0,3,1,57.62115877,LOW
722,931,San Vicente,PH175109001,Grassland,0,3.777898153,0,0,0,0,3,1,52.70467757,LOW
723,932,San Vicente,PH175109001,Grassland,0,11.00294654,0,0,0,0,3,1,153.4998367,LOW
724,933,San Vicente,PH175109001,Grassland,0,40.9251709,0,0,0,0,3,1,570.9386143,LOW
725,934,Burgos,PH175109023,Grassland,0,46.30648295,0,0,0,0,3,1,646.0121883,LOW
726,935,Burgos,PH175109023,Grassland,0,34.66215897,0,0,0,0,3,1,483.5646273,LOW
727,936,Pag-Asa,PH175109023,Grassland,0,4.888228099,0,0,0,0,3,1,68.19466153,LOW
728,937,Pag-Asa,PH175109023,Grassland,0,9.176072121,0,0,0,0,3,1,128.0134887,LOW
729,938,Pag-Asa,PH175109023,Grassland,0,17.6709342,0,0,0,0,3,1,246.5235566,LOW
730,939,Batong Buhay,PH175109008,Grassland,0,18.29922644,0,0,0,0,3,1,255.288732,LOW
731,940,Batong Buhay,PH175109008,Grassland,0,23.60251109,0,0,0,0,3,1,329.2737619,LOW
732,941,Batong Buhay,PH175109003,Grassland,0,25.70021057,0,0,0,0,3,1,358.5383344,LOW
733,942,Batong Buhay,PH175109003,Grassland,0,31.06862513,0,0,0,0,3,1,433.4319782,LOW
734,943,Batong Buhay,PH175109003,Grassland,0,13.06952238,0,0,0,0,3,1,182.3302098,LOW
735,949,Ligaya,PH175109011,,0,10.58462715,0,0,0,0,3,0,144.4885611,LOW
736,950,Burgos,PH175109011,Open Forest,0,7.649874926,0,0,0,0,3,0,104.4268641,LOW
737,951,Burgos,PH175109011,Open Forest,0,11.23687744,0,0,0,0,3,0,153.3922952,LOW
738,952,Burgos,PH175109011,Closed Forest,0,9.143553416,0,0,0,0,3,0,124.8167609,LOW
739,953,Pag-Asa,PH175109011,Closed Forest,0,5.417818546,0,0,0,0,3,0,73.95752301,LOW
740,954,Pag-Asa,PH175109011,Open Forest,0,2.963397026,0,0,0,0,3,0,40.45272131,LOW
741,955,Pag-Asa,PH175109011,Open Forest,0,3.941332897,0,0,0,0,3,0,53.80232209,LOW
742,956,Batong Buhay,PH175109013,Open Forest,0,4.216138959,0,0,0,0,3,0,57.55364293,LOW
743,957,Batong Buhay,PH175109013,Open Forest,0,3.685434977,0,0,0,0,3,0,50.30911238,LOW
744,958,Malisbong,PH175109013,Open Forest,0,3.487825513,0,0,0,0,2,0,48.1265846,LOW
745,959,Malisbong,PH175109013,Open Forest,0,2.466820081,0,0,0,0,3,0,33.6740519,LOW
746,960,Malisbong,PH175109013,Open Forest,0,2.686223507,0,0,0,0,3,0,36.66908279,LOW
747,961,Malisbong,PH175109013,Open Forest,0,1.74753505,0,0,0,0,2,0,24.11327433,LOW
748,962,Malisbong,PH175109013,Open Forest,0,2.028343479,0,0,0,0,3,0,27.68849828,LOW
749,963,Ligaya,PH175109013,Grassland,0,3.145739436,0,0,0,0,2,1,44.35004893,LOW
750,964,Ligaya,PH175109013,Grassland,0,4.745389144,0,0,0,0,3,1,66.20194474,LOW
751,965,Tuban,PH175109001,Open Forest,0,2.956467986,0,0,0,0,3,0,40.35813441,LOW
752,966,Tuban,PH175109001,Grassland,0,4.417786598,0,0,0,0,3,1,61.63162922,LOW
753,967,Tuban,PH175109001,Grassland,0,22.11837737,0,0,0,0,3,1,308.5689186,LOW
754,968,Tuban,PH175109001,Grassland,0,44.47548866,0,0,0,0,3,1,620.4683648,LOW
755,969,Pag-Asa,PH175109023,Grassland,0,39.57861201,0,0,0,0,3,1,552.1530491,LOW
756,970,Pag-Asa,PH175109023,Grassland,0,24.16802692,0,0,0,0,3,1,337.1631565,LOW
757,971,Pag-Asa,PH175109023,Brush/Shrubs,0,6.252305031,0,0,0,0,3,1,87.22461733,LOW
758,972,Pag-Asa,PH175109023,Grassland,0,13.79503107,0,0,0,0,3,1,192.4516319,LOW
759,973,Pag-Asa,PH175109023,Grassland,0,15.92572339,0,0,0,0,3,1,222.1764808,LOW
760,974,Batong Buhay,PH175109008,Grassland,0,16.71864128,0,0,0,0,3,1,233.2383146,LOW
761,975,Batong Buhay,PH175109008,Grassland,0,15.06126261,0,0,0,0,3,1,210.1165668,LOW
762,976,Malisbong,PH175109003,Grassland,0,20.6981252,0,0,0,0,3,1,288.7552736,LOW
763,977,Malisbong,PH175109003,Grassland,0,23.51102543,0,0,0,0,3,1,327.9974643,LOW
764,978,Malisbong,PH175109003,,0,15.68251763,0,0,0,0,3,0,214.0788121,LOW
765,986,Pag-Asa,PH175109011,Open Forest,0,7.264579455,0,0,0,0,3,0,99.1672751,LOW
766,987,Pag-Asa,PH175109011,Open Forest,0,4.455269814,0,0,0,0,3,0,60.81796889,LOW
767,988,San Agustin,PH175109011,Open Forest,0,4.033484817,0,0,0,0,3,0,55.06026893,LOW
768,989,San Agustin,PH175109011,Open Forest,0,3.255846143,0,0,0,0,3,0,44.44488386,LOW
769,990,San Agustin,PH175109011,Open Forest,0,2.681948066,0,0,0,0,3,0,36.61071963,LOW
770,991,Burgos,PH175109013,Open Forest,0,3.292849362,0,0,0,0,3,0,44.95000716,LOW
771,992,Burgos,PH175109013,Open Forest,0,3.838071227,0,0,0,0,3,0,52.39271834,LOW
772,993,Burgos,PH175109013,Open Forest,0,4.458141009,0,0,0,0,3,0,60.85716298,LOW
773,994,Pag-Asa,PH175109013,Open Forest,0,2.848087192,0,0,0,0,3,0,38.87865056,LOW
774,995,Pag-Asa,PH175109013,Open Forest,0,2.318191051,0,0,0,0,3,0,31.64514768,LOW
775,996,Pag-Asa,PH175109013,Open Forest,0,1.922209382,0,0,0,0,3,0,26.23968363,LOW
776,997,San Agustin,PH175109013,Open Forest,0,2.421833664,0,0,0,0,3,0,33.0599516,LOW
777,998,San Agustin,PH175109013,Open Forest,0,3.324325562,0,0,0,0,3,0,45.37968227,LOW
778,999,San Agustin,PH175109013,Grassland,0,3.364032666,0,0,0,0,3,1,46.93092556,LOW
779,1000,Santa Lucia,PH175109001,Open Forest,0,2.513727963,0,0,0,0,3,0,34.31438172,LOW
780,1001,Santa Lucia,PH175109001,Grassland,0,4.000007689,0,0,0,0,3,1,55.80328187,LOW
781,1002,Santa Lucia,PH175109001,Grassland,0,4.434281707,0,0,0,0,3,1,61.86174908,LOW
782,1003,San Nicolas,PH175109001,Grassland,0,41.4265995,0,0,0,0,3,1,577.9339413,LOW
783,1004,San Nicolas,PH175109001,Grassland,0,37.11253484,0,0,0,0,3,1,517.7493154,LOW
784,1005,Pag-Asa,PH175109023,Grassland,0,38.08445835,0,0,0,0,3,1,531.3084197,LOW
785,1006,Pag-Asa,PH175109023,Grassland,0,15.2884959,0,0,0,0,3,1,213.2866515,LOW
786,1007,Pag-Asa,PH175109023,Grassland,0,14.9253943,0,0,0,0,3,1,208.221096,LOW
787,1008,Pag-Asa,PH175109023,Grassland,0,14.51408052,0,0,0,0,3,1,202.4829424,LOW
788,1009,Malisbong,PH175109008,Grassland,0,14.02691197,0,0,0,0,3,1,195.6865545,LOW
789,1010,Malisbong,PH175109008,Grassland,0,16.57207441,1,0,0,0,3,1,235.3366091,LOW
790,1011,Malisbong,PH175109003,Grassland,0,16.52193141,0,0,0,0,3,1,230.4940558,LOW
791,1012,Ligaya,PH175109003,Grassland,0,16.13470236,0,0,0,0,3,1,225.0919032,LOW
792,1013,Ligaya,PH175109003,Grassland,0,13.37780333,0,0,0,0,3,1,186.6309738,LOW
793,1020,San Agustin,PH175109011,,0,10.29516463,0,0,0,0,3,0,140.537168,LOW
794,1021,San Agustin,PH175109011,Open Forest,0,7.73341608,0,0,0,0,3,0,105.5672671,LOW
795,1022,San Agustin,PH175109011,Open Forest,0,4.358878374,0,0,0,0,3,0,59.50214923,LOW
796,1023,San Agustin,PH175109011,Open Forest,0,4.237092257,0,0,0,0,3,0,57.83967208,LOW
797,1024,San Agustin,PH175109011,Open Forest,0,3.427944899,0,0,0,0,3,0,46.79416846,LOW
798,1025,San Agustin,PH175109013,Open Forest,0,3.044887066,0,0,0,0,3,0,41.56512503,LOW
799,1026,San Agustin,PH175109013,Brush/Shrubs,0,5.017288208,0,0,0,0,3,1,69.99515248,LOW
800,1027,San Agustin,PH175109013,Open Forest,0,3.714138508,0,0,0,0,3,0,50.70093836,LOW
801,1028,San Agustin,PH175109013,Open Forest,0,3.014891466,0,0,0,0,3,0,41.15566128,LOW
802,1029,San Agustin,PH175109013,Open Forest,0,2.659833908,0,0,0,0,3,0,36.30884382,LOW
803,1030,San Agustin,PH175109013,Open Forest,0,2.119570315,0,0,0,0,3,0,28.933817,LOW
804,1031,San Agustin,PH175109013,Open Forest,0,2.888532639,0,0,0,0,3,0,39.43076301,LOW
805,1032,San Agustin,PH175109013,Open Forest,0,2.399352908,0,0,0,0,3,0,32.75307144,LOW
806,1033,Batong Buhay,PH175109013,Open Forest,0,2.237999241,0,0,0,0,3,0,30.55046583,LOW
807,1034,San Nicolas,PH175109001,Open Forest,0,1.750158668,0,0,0,0,2,0,24.14947619,LOW
808,1035,Ilvita,PH175109001,Open Forest,0,1.963427424,0,0,0,0,3,0,26.80234261,LOW
809,1036,Ilvita,PH175109001,Grassland,0,3.508329749,0,0,0,0,3,1,48.94398439,LOW
810,1037,Victoria,PH175109001,Grassland,0,17.84453511,0,0,0,0,3,1,248.9454271,LOW
811,1038,Victoria,PH175109001,Grassland,0,38.64138921,0,0,0,0,3,1,539.0780472,LOW
812,1039,Pag-Asa,PH175109023,Grassland,0,37.66882706,0,0,0,0,3,1,525.5100334,LOW
813,1040,Pag-Asa,PH175109023,Grassland,0,34.45234489,0,0,0,0,3,1,480.6375543,LOW
814,1041,Pag-Asa,PH175109023,Grassland,0,15.38865948,0,0,0,0,3,1,214.684013,LOW
815,1042,San Agustin,PH175109023,Grassland,0,15.09316663,0,0,0,0,3,1,210.5616532,LOW
816,1043,San Agustin,PH175109023,Grassland,0,14.97327375,0,0,0,0,3,1,208.8890524,LOW
817,1044,Malisbong,PH175109008,Grassland,0,15.62957764,0,0,0,0,3,1,218.0450125,LOW
818,1045,Malisbong,PH175109008,Grassland,0,17.00689983,0,0,0,0,3,1,237.2597502,LOW
819,1046,Ligaya,PH175109003,Grassland,0,14.80055952,0,0,0,0,3,1,206.4795518,LOW
820,1047,Burgos,PH175109003,Grassland,0,12.20341015,0,0,0,0,3,1,170.2472568,LOW
821,1048,Burgos,PH175109003,,0,10.22749224,0,0,0,0,3,0,139.6133861,LOW
822,1056,San Agustin,PH175109011,,0,40.12576103,0,0,0,0,3,0,547.7484839,LOW
823,1057,Batong Buhay,PH175109011,Open Forest,0,6.812269449,0,0,0,0,3,0,92.99288454,LOW
824,1058,Batong Buhay,PH175109011,Open Forest,0,4.750008265,0,0,0,0,3,0,64.84138267,LOW
825,1059,Batong Buhay,PH175109011,Open Forest,0,3.41324389,0,0,0,0,3,0,46.59348802,LOW
826,1060,Batong Buhay,PH175109013,Open Forest,0,3.300253689,0,0,0,0,3,0,45.0510821,LOW
827,1061,Batong Buhay,PH175109013,Open Forest,0,5.578032374,0,0,0,0,3,0,76.14456891,LOW
828,1062,Batong Buhay,PH175109013,Open Forest,0,4.435986578,0,1,0,0,3,0,61.88553339,LOW
829,1063,Batong Buhay,PH175109013,Open Forest,0,3.786850214,0,0,0,0,3,0,51.69351086,LOW
830,1064,Malisbong,PH175109013,Open Forest,0,3.186068296,0,0,0,0,3,0,43.49236087,LOW
831,1065,Malisbong,PH175109013,Open Forest,0,2.436514676,0,0,0,0,3,0,33.26035907,LOW
832,1066,Malisbong,PH175109013,Open Forest,0,2.772343576,0,0,0,0,3,0,37.84469009,LOW
833,1067,Malisbong,PH175109013,Open Forest,0,2.878628254,0,0,0,0,3,0,39.29556029,LOW
834,1068,Ligaya,PH175109013,Open Forest,0,2.139036417,0,0,0,0,3,0,29.19954474,LOW
835,1069,Ligaya,PH175109013,Open Forest,0,2.127174775,0,0,0,0,3,0,29.03762391,LOW
836,1070,Paetan,PH175109001,Open Forest,0,1.618693441,0,0,0,0,3,0,22.09645015,LOW
837,1071,Paetan,PH175109001,Open Forest,0,1.685162425,0,0,0,0,3,0,23.00380453,LOW
838,1072,San Vicente,PH175109001,Open Forest,0,3.181920767,0,0,0,0,2,0,43.90557337,LOW
839,1073,San Vicente,PH175109001,Grassland,0,28.64625168,0,0,0,0,3,1,399.6379461,LOW
840,1074,San Vicente,PH175109001,Grassland,0,40.70466868,0,0,0,0,3,1,567.8624334,LOW
841,1075,San Agustin,PH175109023,Open Forest,0,36.87874174,0,0,0,0,3,0,503.4240936,LOW
842,1076,San Agustin,PH175109023,Grassland,0,31.58717203,0,0,0,0,3,1,440.666119,LOW
843,1077,Batong Buhay,PH175109023,Grassland,0,17.44619274,0,0,0,0,3,1,243.3882349,LOW
844,1078,Batong Buhay,PH175109023,Grassland,0,18.93469429,0,0,0,0,3,1,264.1540129,LOW
845,1079,Malisbong,PH175109008,Grassland,0,17.78975391,0,0,0,0,3,1,248.1811859,LOW
846,1080,Ligaya,PH175109008,Grassland,0,17.26070476,0,0,0,0,3,1,240.8005304,LOW
847,1081,Burgos,PH175109003,Grassland,0,18.26157713,0,0,0,0,3,1,254.7634943,LOW
848,1082,Burgos,PH175109003,Grassland,0,16.08636189,0,0,0,0,3,1,224.4175153,LOW
849,1083,Pag-Asa,PH175109003,Grassland,0,11.19718838,0,0,0,0,3,1,156.2096646,LOW
850,1091,Batong Buhay,PH175109011,Open Forest,0,21.47664125,0,0,0,0,2,0,296.3443521,LOW
851,1092,Batong Buhay,PH175109011,Open Forest,0,10.97726711,0,0,0,0,2,0,151.4692671,LOW
852,1093,Malisbong,PH175109011,Open Forest,0,4.707986593,0,0,0,0,2,0,64.96291578,LOW
853,1094,Burgos,PH175109013,Open Forest,0,4.635331392,0,0,0,0,3,0,63.27595234,LOW
854,1095,Burgos,PH175109013,Open Forest,0,3.686837514,0,0,0,0,3,0,50.32825813,LOW
855,1096,Burgos,PH175109013,Open Forest,0,3.548334599,0,0,0,0,3,0,48.43758341,LOW
856,1097,Burgos,PH175109013,Open Forest,0,4.58949248,0,0,0,0,2,0,63.32788073,LOW
857,1098,Pag-Asa,PH175109013,Open Forest,0,4.244389057,0,0,0,0,3,0,57.93927919,LOW
858,1099,San Agustin,PH175109013,Open Forest,0,2.609625737,0,0,0,0,3,0,35.62346244,LOW
859,1100,San Agustin,PH175109013,Open Forest,0,2.78704226,0,0,0,0,3,0,38.04533879,LOW
860,1101,San Agustin,PH175109013,Open Forest,0,2.297815323,0,0,0,0,3,0,31.36700282,LOW
861,1102,San Agustin,PH175109013,Open Forest,0,2.343355099,0,0,0,0,3,0,31.98865691,LOW
862,1103,San Agustin,PH175109013,Open Forest,0,2.051257372,0,0,0,0,3,0,28.00129111,LOW
863,1104,Tuban,PH175109001,Open Forest,0,1.872190833,0,0,0,0,3,0,25.55689074,LOW
864,1105,Tuban,PH175109001,Open Forest,0,1.80932045,0,0,0,0,3,0,24.69866011,LOW
865,1106,Tuban,PH175109001,Open Forest,0,1.66484348,0,0,0,0,3,0,22.72643481,LOW
866,1107,Tuban,PH175109001,Open Forest,0,7.653342605,0,0,0,0,3,0,104.4742006,LOW
867,1108,Tuban,PH175109001,Open Forest,0,30.26044941,0,0,0,0,3,0,413.0791507,LOW
868,1109,Batong Buhay,PH175109023,Closed Forest,0,31.86782455,0,0,0,0,3,0,435.021097,LOW
869,1110,Batong Buhay,PH175109023,Grassland,0,45.88575554,0,0,0,0,3,1,640.142707,LOW
870,1111,Malisbong,PH175109023,Grassland,0,23.57234128,0,0,0,0,3,1,328.8528691,LOW
871,1112,Malisbong,PH175109023,Grassland,0,18.41443729,0,0,0,0,3,1,256.8960148,LOW
872,1113,Malisbong,PH175109023,Grassland,0,18.63255119,0,0,0,0,3,1,259.9388768,LOW
873,1114,Ligaya,PH175109008,Grassland,0,19.34465726,0,0,0,0,3,1,269.8733217,LOW
874,1115,Burgos,PH175109008,Grassland,0,20.22043514,0,0,0,0,3,1,282.0911182,LOW
875,1116,Pag-Asa,PH175109003,Grassland,0,18.73460706,0,0,0,0,3,1,261.3626372,LOW
876,1117,Pag-Asa,PH175109003,Grassland,0,11.32629681,0,0,0,0,3,1,158.0108296,LOW
877,1118,Pag-Asa,PH175109003,,0,11.08247333,0,0,0,0,3,0,151.2845566,LOW
878,1126,Malisbong,PH175109011,,0,37.9200538,0,0,0,0,1,0,538.5746772,LOW
879,1127,Malisbong,PH175109011,Open Forest,0,29.64349174,0,0,0,0,2,0,409.0342271,LOW
880,1128,Malisbong,PH175109011,Open Forest,0,15.97791513,0,0,0,0,2,0,220.4704568,LOW
881,1129,San Agustin,PH175109013,Open Forest,0,6.890968084,0,0,0,0,3,0,94.06718337,LOW
882,1130,San Agustin,PH175109013,Open Forest,0,4.585879803,0,0,0,0,2,0,63.27803139,LOW
883,1131,San Agustin,PH175109013,Open Forest,0,3.457325379,0,0,0,0,2,0,47.70573004,LOW
884,1132,San Agustin,PH175109013,Open Forest,0,4.978383382,0,0,0,0,3,0,67.95888426,LOW
885,1133,San Agustin,PH175109013,Open Forest,0,4.912184715,0,0,0,0,3,0,67.05521992,LOW
886,1134,San Agustin,PH175109013,Open Forest,0,3.099534035,0,0,0,0,3,0,42.31109953,LOW
887,1135,Batong Buhay,PH175109013,Open Forest,0,2.624619087,0,0,0,0,3,0,35.82813357,LOW
888,1136,Batong Buhay,PH175109013,Open Forest,0,2.244648993,0,0,0,0,3,0,30.64124022,LOW
889,1137,Batong Buhay,PH175109013,Open Forest,0,2.095134338,0,0,0,0,3,0,28.60024652,LOW
890,1138,Batong Buhay,PH175109013,Open Forest,0,2.02520448,0,0,0,0,3,0,27.64564846,LOW
891,1139,Batong Buhay,PH175109013,Brush/Shrubs,0,2.130135775,0,0,0,0,3,1,29.71708465,LOW
892,1140,Malisbong,PH175109001,Open Forest,0,2.435997804,0,0,0,0,3,0,33.25330336,LOW
893,1141,General Emilio Aguinaldo,PH175109001,Open Forest,0,1.769827684,0,0,0,0,3,0,24.15955251,LOW
894,1142,General Emilio Aguinaldo,PH175109001,Open Forest,0,1.981428583,0,0,0,0,2,0,27.34064246,LOW
895,1143,General Emilio Aguinaldo,PH175109001,Open Forest,0,12.65088892,0,0,0,0,3,0,172.6946741,LOW
896,1144,Ilvita,PH175109001,Closed Forest,0,30.20299276,0,0,0,0,3,0,412.2948218,LOW
897,1145,Malisbong,PH175109023,Open Forest,0,32.30462901,0,0,0,0,3,0,440.9838246,LOW
898,1146,Malisbong,PH175109023,Open Forest,0,30.23461088,0,0,0,0,3,0,412.7264342,LOW
899,1147,Ligaya,PH175109023,Grassland,0,17.38757706,0,0,0,0,3,1,242.5704997,LOW
900,1148,Ligaya,PH175109023,Grassland,0,16.1234479,0,0,0,0,3,1,224.9348946,LOW
901,1149,Burgos,PH175109008,Grassland,0,18.83760198,0,0,0,0,3,1,262.7994981,LOW
902,1150,Burgos,PH175109008,Grassland,0,18.7542572,0,0,0,0,3,1,261.6367723,LOW
903,1151,Pag-Asa,PH175109003,Grassland,0,18.70514043,0,0,0,0,3,1,260.9515543,LOW
904,1152,Pag-Asa,PH175109003,Grassland,0,16.26042144,0,0,0,0,3,1,226.8457842,LOW
905,1153,Pag-Asa,PH175109003,Grassland,0,11.47464418,0,0,0,0,3,1,160.0803932,LOW
906,1154,San Agustin,PH175109003,,0,,0,0,0,0,3,0,,LOW
907,1154,San Agustin,PH175109003,,0,,0,0,0,0,3,0,,LOW
908,1154,San Agustin,PH175109003,,0,,0,0,0,0,3,0,,LOW
909,1154,San Agustin,PH175109003,,0,,0,0,0,0,3,0,,LOW
910,1154,San Agustin,PH175109003,,0,,0,0,0,0,3,0,,LOW
911,1162,Ligaya,PH175109011,Water,0,43.43489138,0,0,0,0,2,0,599.3341601,LOW
912,1163,Malisbong,PH175109013,Water,0,30.75112438,0,0,0,0,2,0,424.3178403,LOW
913,1164,Malisbong,PH175109013,Open Forest,0,14.0655357,0,0,0,0,3,0,192.0057254,LOW
914,1165,Malisbong,PH175109013,Open Forest,0,5.463483651,0,0,0,0,3,0,74.58088793,LOW
915,1166,Malisbong,PH175109013,Open Forest,0,5.551268458,0,0,0,0,3,0,75.77922022,LOW
916,1167,Malisbong,PH175109013,Open Forest,0,5.900202115,0,0,0,0,3,0,80.54244157,LOW
917,1168,Ligaya,PH175109013,Open Forest,0,4.513602495,0,0,0,0,3,0,61.61425628,LOW
918,1169,Ligaya,PH175109013,Open Forest,0,4.008789221,0,0,0,0,3,0,54.72315445,LOW
919,1170,Burgos,PH175109013,Open Forest,0,2.8749578,0,0,0,0,3,0,39.24545568,LOW
920,1171,Burgos,PH175109013,Open Forest,0,3.262186348,0,0,0,0,3,0,44.53143269,LOW
921,1172,Burgos,PH175109013,Open Forest,0,2.00588119,0,0,0,0,3,0,27.38187021,LOW
922,1173,San Agustin,PH175109013,Open Forest,0,2.322551489,0,0,0,0,3,0,31.70467112,LOW
923,1174,Ilvita,PH175109001,Brush/Shrubs,0,2.610051552,0,0,0,0,3,1,36.41229062,LOW
924,1175,Ilvita,PH175109001,Open Forest,0,2.111266583,0,0,0,0,3,0,28.82046447,LOW
925,1176,Victoria,PH175109001,Open Forest,0,1.789292296,0,0,0,0,3,0,24.42525991,LOW
926,1177,Victoria,PH175109001,Open Forest,0,5.391132275,0,0,0,0,3,0,73.59323423,LOW
927,1178,Paetan,PH175109001,Open Forest,0,30.18596268,0,0,0,0,3,0,412.0623477,LOW
928,1179,Burgos,PH175109023,Open Forest,0,32.12946574,0,0,0,0,3,0,438.5927069,LOW
929,1180,Burgos,PH175109023,Open Forest,0,28.49291468,0,0,0,0,3,0,388.9508988,LOW
930,1181,Burgos,PH175109023,Open Forest,0,20.57775466,0,0,0,0,3,0,280.9026827,LOW
931,1182,Pag-Asa,PH175109023,Open Forest,0,11.66886854,0,0,0,0,3,0,159.2893166,LOW
932,1183,Pag-Asa,PH175109023,Grassland,0,16.55506833,0,0,0,0,3,1,230.9563421,LOW
933,1184,Pag-Asa,PH175109008,Grassland,0,17.62655131,0,0,0,0,3,1,245.9043801,LOW
934,1185,Pag-Asa,PH175109008,Grassland,0,17.62859011,0,0,0,0,3,1,245.932823,LOW
935,1186,San Agustin,PH175109003,Grassland,0,18.72087288,0,0,0,0,2,1,263.935283,LOW
936,1187,San Agustin,PH175109003,Grassland,0,11.35987568,0,0,0,0,3,1,158.4792815,LOW
937,1188,Batong Buhay,PH175109003,,0,11.92085019,0,0,0,0,3,0,162.7290661,LOW
938,1197,San Agustin,PH175109013,,0,26.66566658,0,0,0,0,2,0,367.9448567,LOW
939,1198,San Agustin,PH175109013,Open Forest,0,13.89777533,0,0,0,0,2,0,191.7677526,LOW
940,1199,San Agustin,PH175109013,Open Forest,0,12.15937901,0,0,0,0,2,0,167.7805786,LOW
941,1200,San Agustin,PH175109013,Open Forest,0,7.157689253,0,0,0,0,3,0,97.70813901,LOW
942,1201,San Agustin,PH175109013,Open Forest,0,4.797174215,0,0,0,0,2,0,66.19356669,LOW
943,1202,San Agustin,PH175109013,Open Forest,0,5.019164085,0,0,0,0,3,0,68.51557322,LOW
944,1203,San Agustin,PH175109013,Open Forest,0,4.952247461,0,0,0,0,3,0,67.6021082,LOW
945,1204,San Agustin,PH175109013,Open Forest,0,5.263721704,0,0,0,0,3,0,71.85397882,LOW
946,1205,San Agustin,PH175109013,Open Forest,0,3.909234524,0,0,0,0,3,0,53.36415382,LOW
947,1206,San Agustin,PH175109013,Open Forest,0,3.798262596,0,0,0,0,3,0,51.84929893,LOW
948,1207,San Agustin,PH175109013,Open Forest,0,3.002025723,0,0,0,0,3,0,40.98003368,LOW
949,1208,San Agustin,PH175109013,Open Forest,0,2.787728667,0,0,0,0,3,0,38.05470879,LOW
950,1209,Batong Buhay,PH175109013,Open Forest,0,2.721862475,0,0,0,0,3,0,37.15558299,LOW
951,1210,San Vicente,PH175109001,Open Forest,0,2.811350226,0,0,0,0,3,0,38.37716182,LOW
952,1211,San Vicente,PH175109001,Open Forest,0,2.607481241,0,0,0,0,3,0,35.59418837,LOW
953,1212,San Vicente,PH175109001,Open Forest,0,2.432459712,0,0,0,0,3,0,33.20500559,LOW
954,1213,Batong Buhay,PH175109001,Open Forest,0,5.528344393,0,0,0,0,3,0,75.46628854,LOW
955,1214,Batong Buhay,PH175109001,Open Forest,0,24.94654465,0,0,0,0,3,0,340.5401333,LOW
956,1215,Pag-Asa,PH175109023,Open Forest,0,32.99045372,0,0,0,0,3,0,450.3458762,LOW
957,1216,Pag-Asa,PH175109023,Brush/Shrubs,0,34.68312836,0,0,0,0,3,1,483.8571669,LOW
958,1217,Pag-Asa,PH175109023,Open Forest,0,12.23298518,0,0,0,0,3,0,166.9899564,LOW
959,1218,Pag-Asa,PH175109023,Brush/Shrubs,0,16.48043442,0,0,0,0,3,1,229.9151399,LOW
960,1219,Pag-Asa,PH175109008,Brush/Shrubs,0,15.08911705,0,0,0,0,3,1,210.5051583,LOW
961,1220,Pag-Asa,PH175109008,Open Forest,0,14.84008646,0,0,0,0,3,0,202.578958,LOW
962,1221,Batong Buhay,PH175109003,Grassland,0,18.61811924,0,0,0,0,3,1,259.7375397,LOW
963,1222,Batong Buhay,PH175109003,Grassland,0,16.66801389,0,0,0,0,3,1,232.5320223,LOW
964,1223,Malisbong,PH175109003,Grassland,0,11.73750496,0,0,0,0,3,1,163.7475097,LOW
965,1224,Malisbong,PH175109003,,0,,0,0,0,0,3,0,,LOW
966,1224,Malisbong,PH175109003,,0,,0,0,0,0,3,0,,LOW
967,1224,Malisbong,PH175109003,,0,,0,0,0,0,3,0,,LOW
968,1224,Malisbong,PH175109003,,0,,0,0,0,0,3,0,,LOW
969,1224,Malisbong,PH175109003,,0,,0,0,0,0,3,0,,LOW
970,1232,Batong Buhay,PH175109013,,0,7.893802166,0,0,0,0,2,0,108.9222314,LOW
971,1233,Batong Buhay,PH175109013,Open Forest,0,6.584634066,0,0,0,0,2,0,90.85774138,LOW
972,1234,Batong Buhay,PH175109013,Open Forest,0,6.560037613,0,0,0,0,3,0,89.5497198,LOW
973,1235,Batong Buhay,PH175109013,Open Forest,0,5.504602432,0,0,0,0,3,0,75.14219193,LOW
974,1236,Malisbong,PH175109013,Open Forest,0,5.262529373,0,0,0,0,2,0,72.61474639,LOW
975,1237,Malisbong,PH175109013,Open Forest,0,4.085540116,0,0,0,0,3,0,55.77086508,LOW
976,1238,Malisbong,PH175109013,Open Forest,0,4.355640888,0,0,0,0,2,0,60.10109132,LOW
977,1239,Malisbong,PH175109013,Open Forest,0,3.709931791,0,0,0,0,3,0,50.64351334,LOW
978,1240,Ligaya,PH175109013,Open Forest,0,4.407480359,0,0,0,0,3,0,60.1656049,LOW
979,1241,Ligaya,PH175109013,Open Forest,0,3.230664551,0,0,0,0,3,0,44.10113514,LOW
980,1242,Burgos,PH175109013,Open Forest,0,2.823713005,0,0,0,0,3,0,38.54592356,LOW
981,1243,Burgos,PH175109013,Open Forest,0,2.293548584,0,0,0,0,3,0,31.30875845,LOW
982,1244,Tuban,PH175109001,Open Forest,0,2.244324416,0,0,0,0,3,0,30.63680949,LOW
983,1245,Tuban,PH175109001,Open Forest,0,2.80160147,0,0,0,0,3,0,38.24408356,LOW
984,1246,Malisbong,PH175109001,Open Forest,0,2.971784413,0,0,0,0,3,0,40.5672158,LOW
985,1247,Malisbong,PH175109001,Open Forest,0,3.393570125,0,0,0,0,3,0,46.32492552,LOW
986,1248,Malisbong,PH175109001,Open Forest,0,23.24449348,0,0,0,0,3,0,317.305784,LOW
987,1249,Pag-Asa,PH175109023,Open Forest,0,24.20338249,0,0,0,0,3,0,330.39538,LOW
988,1250,Pag-Asa,PH175109023,Brush/Shrubs,0,31.6463871,0,0,0,0,3,1,441.4922162,LOW
989,1251,Pag-Asa,PH175109023,Brush/Shrubs,0,21.36096358,0,0,0,0,3,1,298.0023951,LOW
990,1252,Pag-Asa,PH175109023,Open Forest,0,11.46071672,0,0,0,0,3,0,156.447879,LOW
991,1253,Pag-Asa,PH175109023,Open Forest,0,16.37471581,0,0,0,0,3,0,223.5278666,LOW
992,1254,Pag-Asa,PH175109008,Brush/Shrubs,0,17.36741829,0,0,0,0,3,1,242.2892688,LOW
993,1255,Pag-Asa,PH175109008,Grassland,0,18.12021017,0,0,0,0,3,1,252.791313,LOW
994,1256,Malisbong,PH175109003,Grassland,0,16.94310379,0,0,0,0,3,1,236.3697448,LOW
995,1257,Malisbong,PH175109003,Grassland,0,10.74980593,0,0,0,0,3,1,149.9683243,LOW
996,1258,Malisbong,PH175109003,,0,11.53753853,0,0,0,0,3,0,157.4965577,LOW
997,1268,Burgos,PH175109013,,0,7.542225484,0,0,0,0,3,0,102.9573637,LOW
998,1269,Burgos,PH175109013,Open Forest,0,7.888216496,0,0,0,0,3,0,107.6804157,LOW
999,1270,San Agustin,PH175109013,Open Forest,0,6.115208308,0,0,0,0,2,0,84.38039371,LOW
1000,1271,San Agustin,PH175109013,Open Forest,0,5.63721633,0,0,0,0,3,0,76.95247689,LOW
1001,1272,San Agustin,PH175109013,Open Forest,0,5.39759469,0,0,0,0,3,0,73.68145132,LOW
1002,1273,San Agustin,PH175109013,Open Forest,0,5.373227596,0,0,0,0,3,0,73.34882115,LOW
1003,1274,San Agustin,PH175109013,Open Forest,0,5.033205032,0,0,0,0,3,0,68.70724329,LOW
1004,1275,San Agustin,PH175109013,Open Forest,0,4.458731413,0,0,0,0,3,0,60.86522246,LOW
1005,1276,San Agustin,PH175109013,Open Forest,0,4.742858171,0,0,0,0,3,0,64.74377821,LOW
1006,1277,San Agustin,PH175109013,Open Forest,0,3.286388636,0,0,0,0,2,0,45.347068,LOW
1007,1278,San Agustin,PH175109013,Open Forest,0,3.714907289,0,0,0,0,3,0,50.71143283,LOW
1008,1279,San Agustin,PH175109013,Open Forest,0,2.439311822,0,0,0,0,3,0,33.29854233,LOW
1009,1280,General Emilio Aguinaldo,PH175109001,Open Forest,0,2.656257987,0,0,0,0,3,0,36.26002966,LOW
1010,1281,Ligaya,PH175109001,Open Forest,0,3.390698791,0,0,0,0,3,0,46.28572953,LOW
1011,1282,Ligaya,PH175109001,Open Forest,0,3.398156643,0,0,0,0,3,0,46.38753513,LOW
1012,1283,Ilvita,PH175109001,Brush/Shrubs,0,3.64396894,0,0,0,0,3,1,50.83625875,LOW
1013,1284,Ilvita,PH175109001,Open Forest,0,33.95869446,0,0,0,0,3,0,463.5631307,LOW
1014,1285,Pag-Asa,PH175109023,Brush/Shrubs,0,33.80170441,0,0,0,0,3,1,471.5606033,LOW
1015,1286,Pag-Asa,PH175109023,Brush/Shrubs,0,33.82883644,0,0,0,0,3,1,471.9391166,LOW
1016,1287,Pag-Asa,PH175109023,Open Forest,0,11.02993584,0,0,0,0,3,0,150.5673781,LOW
1017,1288,San Agustin,PH175109023,Open Forest,0,9.6492939,0,0,0,0,3,0,131.7205199,LOW
1018,1289,Pag-Asa,PH175109008,Brush/Shrubs,0,12.51317406,0,0,0,0,3,1,174.5687092,LOW
1019,1290,Pag-Asa,PH175109008,Brush/Shrubs,0,11.92341566,0,0,0,0,3,1,166.3411115,LOW
1020,1291,Ligaya,PH175109003,Brush/Shrubs,0,14.53362179,0,0,0,0,3,1,202.7555586,LOW
1021,1292,Ligaya,PH175109003,Brush/Shrubs,0,12.0515871,0,0,0,0,3,1,168.1292048,LOW
1022,1293,Burgos,PH175109003,Brush/Shrubs,0,10.07643747,0,0,0,0,3,1,140.5742999,LOW
1023,1294,Burgos,PH175109003,,0,8.003366851,0,0,0,0,3,0,109.2523094,LOW
1024,1303,San Agustin,PH175109013,,0,8.239426045,0,0,0,0,3,0,112.4747047,LOW
1025,1304,San Agustin,PH175109013,,0,7.51193078,0,0,0,0,3,0,102.543817,LOW
1026,1305,Batong Buhay,PH175109013,,0,5.906585499,0,0,0,0,3,0,80.62957983,LOW
1027,1306,Batong Buhay,PH175109013,,0,6.001352549,0,0,0,0,3,0,81.92322527,LOW
1028,1307,Batong Buhay,PH175109013,,0,5.596325068,0,0,0,0,3,0,76.39427871,LOW
1029,1308,Batong Buhay,PH175109013,,0,5.409856116,0,0,0,0,3,0,73.84882952,LOW
1030,1309,Batong Buhay,PH175109013,Open Forest,0,5.056250321,0,0,0,0,3,0,69.02182978,LOW
1031,1310,Malisbong,PH175109013,Open Forest,0,4.475200653,0,0,0,0,3,0,61.09004066,LOW
1032,1311,Malisbong,PH175109013,Open Forest,0,6.814669132,0,0,0,0,3,0,93.02564212,LOW
1033,1312,Malisbong,PH175109013,Open Forest,0,7.542461554,0,0,0,0,3,0,102.9605863,LOW
1034,1313,Malisbong,PH175109013,Open Forest,0,4.41837199,0,0,0,0,2,0,60.96668327,LOW
1035,1314,Ilvita,PH175109001,Open Forest,0,2.389563842,0,0,0,0,2,0,32.97227627,LOW
1036,1315,Lagnas,PH175109001,Open Forest,0,3.913518667,0,0,0,0,3,0,53.42263577,LOW
1037,1316,Paetan,PH175109001,Open Forest,0,3.905864656,0,0,0,0,3,0,53.31815245,LOW
1038,1317,San Francisco,PH175109001,Open Forest,0,7.550990184,0,0,0,0,3,0,103.0770089,LOW
1039,1318,San Francisco,PH175109001,Brush/Shrubs,0,18.6948514,0,0,0,0,3,1,260.8080142,LOW
1040,1319,San Agustin,PH175109023,Open Forest,0,22.00696055,0,0,0,0,3,0,300.4124773,LOW
1041,1320,San Agustin,PH175109023,Brush/Shrubs,0,31.06799269,0,0,0,0,3,1,433.4231552,LOW
1042,1321,San Agustin,PH175109023,Brush/Shrubs,0,21.03419971,0,0,0,0,3,1,293.4437798,LOW
1043,1322,San Agustin,PH175109023,Open Forest,0,11.52826341,0,0,0,0,3,0,157.369945,LOW
1044,1323,Batong Buhay,PH175109023,Open Forest,0,10.39724302,0,0,0,0,3,0,141.930619,LOW
1045,1324,Pag-Asa,PH175109008,Brush/Shrubs,0,10.89598203,0,0,0,0,3,1,152.0075969,LOW
1046,1325,Pag-Asa,PH175109008,Brush/Shrubs,0,12.84846854,0,0,0,0,3,1,179.2463333,LOW
1047,1326,Burgos,PH175109003,Open Forest,0,14.66824436,0,0,0,0,3,0,200.233177,LOW
1048,1327,Burgos,PH175109003,Brush/Shrubs,0,8.342944145,0,0,0,0,3,1,116.3906922,LOW
1049,1328,Pag-Asa,PH175109003,Brush/Shrubs,0,9.566134135,0,0,0,0,3,1,133.4551634,LOW
1050,1353,San Vicente,PH175109001,,0,9.408231451,0,0,0,0,2,0,129.8190076,LOW
1051,1354,San Vicente,PH175109001,,0,20.04795126,0,0,0,0,3,0,273.6704458,LOW
1052,1355,Batong Buhay,PH175109023,,0,22.71670097,0,0,0,0,3,0,310.1009974,LOW
1053,1356,Batong Buhay,PH175109023,,0,24.37987892,0,0,0,0,3,0,332.8046964,LOW
1054,1357,Batong Buhay,PH175109023,,0,6.855820894,0,0,0,0,3,0,93.58739633,LOW
1055,1358,Malisbong,PH175109023,,0,7.726186632,0,0,0,0,3,0,105.4685794,LOW
1056,1359,Pag-Asa,PH175109008,Brush/Shrubs,0,8.042470217,0,0,0,0,3,1,112.1988424,LOW
1057,1360,Pag-Asa,PH175109008,Brush/Shrubs,0,8.92213583,0,0,0,0,3,1,124.4708759,LOW
1058,1361,Pag-Asa,PH175109003,Open Forest,0,7.618140459,0,0,0,0,3,0,103.9936634,LOW
1059,1362,Pag-Asa,PH175109003,Open Forest,0,8.598491192,0,0,0,0,3,0,117.376229,LOW
1060,1363,Pag-Asa,PH175109003,Brush/Shrubs,0,16.88462139,0,0,0,0,3,1,235.5538689,LOW
1061,1364,Pag-Asa,PH175109003,,0,21.53677876,0,0,0,0,3,0,293.9941228,LOW
1062,1397,Pag-Asa,PH175109003,,0,0,0,0,0,0,3,0,0,LOW
1063,1397,Pag-Asa,PH175109003,,0,0,0,0,0,0,3,0,0,LOW
1064,1397,Pag-Asa,PH175109003,,0,0,0,0,0,0,3,0,0,LOW
1065,1397,Pag-Asa,PH175109003,,0,0,0,0,0,0,3,0,0,LOW
1066,1397,Pag-Asa,PH175109003,,0,0,0,0,0,0,3,0,0,LOW
1067,1397,Pag-Asa,PH175109003,,0,0,0,0,0,0,3,0,0,LOW
1068,1397,Pag-Asa,PH175109003,,0,0,0,0,0,0,3,0,0,LOW
1069,1397,Pag-Asa,PH175109003,,0,0,0,0,0,0,3,0,0,LOW
1070,1397,Pag-Asa,PH175109003,,0,0,0,0,0,0,3,0,0,LOW
1071,1397,Pag-Asa,PH175109003,,0,0,0,0,0,0,3,0,0,LOW
1072,1398,Pag-Asa,PH175109003,,0,0,0,0,0,0,3,0,0,LOW
1073,1398,Pag-Asa,PH175109003,,0,0,0,0,0,0,3,0,0,LOW
1074,1398,Pag-Asa,PH175109003,,0,0,0,0,0,0,3,0,0,LOW
1075,1398,Pag-Asa,PH175109003,,0,0,0,0,0,0,3,0,0,LOW
1076,1398,Pag-Asa,PH175109003,,0,0,0,0,0,0,3,0,0,LOW
1077,1398,Pag-Asa,PH175109003,,0,0,0,0,0,0,3,0,0,LOW
1078,1398,Pag-Asa,PH175109003,,0,0,0,0,0,0,3,0,0,LOW
1079,1398,Pag-Asa,PH175109003,,0,0,0,0,0,0,3,0,0,LOW
1080,1398,Pag-Asa,PH175109003,,0,0,0,0,0,0,3,0,0,LOW
1081,1398,Pag-Asa,PH175109003,,0,0,0,0,0,0,3,0,0,LOW
