fid,id,left,top,right,bottom
22,22,472246.113892158435192,1423041.728244151687250,474151.369780484179500,1421391.728244151920080
23,23,472246.113892158435192,1421391.728244151920080,474151.369780484179500,1419741.728244151687250
49,49,473675.055808402714320,1435416.728244151687250,475580.311696728516836,1433766.728244151687250
50,50,473675.055808402714320,1433766.728244151687250,475580.311696728516836,1432116.728244151687250
51,51,473675.055808402714320,1432116.728244151687250,475580.311696728516836,1430466.728244151687250
58,58,473675.055808402714320,1420566.728244151687250,475580.311696728516836,1418916.728244151687250
59,59,473675.055808402714320,1418916.728244151687250,475580.311696728516836,1417266.728244151687250
84,84,475103.997724647051655,1436241.728244151687250,477009.253612972854171,1434591.728244151920080
85,85,475103.997724647051655,1434591.728244151920080,477009.253612972854171,1432941.728244151687250
86,86,475103.997724647051655,1432941.728244151687250,477009.253612972854171,1431291.728244151687250
87,87,475103.997724647051655,1431291.728244151687250,477009.253612972854171,1429641.728244151687250
88,88,475103.997724647051655,1429641.728244151687250,477009.253612972854171,1427991.728244151920080
89,89,475103.997724647051655,1427991.728244151920080,477009.253612972854171,1426341.728244151687250
90,90,475103.997724647051655,1426341.728244151687250,477009.253612972854171,1424691.728244151687250
91,91,475103.997724647051655,1424691.728244151687250,477009.253612972854171,1423041.728244151687250
92,92,475103.997724647051655,1423041.728244151687250,477009.253612972854171,1421391.728244151920080
93,93,475103.997724647051655,1421391.728244151920080,477009.253612972854171,1419741.728244151687250
94,94,475103.997724647051655,1419741.728244151687250,477009.253612972854171,1418091.728244151687250
95,95,475103.997724647051655,1418091.728244151687250,477009.253612972854171,1416441.728244151687250
96,96,475103.997724647051655,1416441.728244151687250,477009.253612972854171,1414791.728244151920080
97,97,475103.997724647051655,1414791.728244151920080,477009.253612972854171,1413141.728244151687250
98,98,475103.997724647051655,1413141.728244151687250,477009.253612972854171,1411491.728244151687250
100,100,475103.997724647051655,1409841.728244151687250,477009.253612972854171,1408191.728244151920080
118,118,476532.939640891330782,1437066.728244151687250,478438.195529217133299,1435416.728244151687250
119,119,476532.939640891330782,1435416.728244151687250,478438.195529217133299,1433766.728244151687250
120,120,476532.939640891330782,1433766.728244151687250,478438.195529217133299,1432116.728244151687250
121,121,476532.939640891330782,1432116.728244151687250,478438.195529217133299,1430466.728244151687250
122,122,476532.939640891330782,1430466.728244151687250,478438.195529217133299,1428816.728244151687250
123,123,476532.939640891330782,1428816.728244151687250,478438.195529217133299,1427166.728244151687250
124,124,476532.939640891330782,1427166.728244151687250,478438.195529217133299,1425516.728244151687250
125,125,476532.939640891330782,1425516.728244151687250,478438.195529217133299,1423866.728244151687250
126,126,476532.939640891330782,1423866.728244151687250,478438.195529217133299,1422216.728244151687250
127,127,476532.939640891330782,1422216.728244151687250,478438.195529217133299,1420566.728244151687250
128,128,476532.939640891330782,1420566.728244151687250,478438.195529217133299,1418916.728244151687250
129,129,476532.939640891330782,1418916.728244151687250,478438.195529217133299,1417266.728244151687250
130,130,476532.939640891330782,1417266.728244151687250,478438.195529217133299,1415616.728244151687250
131,131,476532.939640891330782,1415616.728244151687250,478438.195529217133299,1413966.728244151687250
132,132,476532.939640891330782,1413966.728244151687250,478438.195529217133299,1412316.728244151687250
133,133,476532.939640891330782,1412316.728244151687250,478438.195529217133299,1410666.728244151687250
134,134,476532.939640891330782,1410666.728244151687250,478438.195529217133299,1409016.728244151687250
135,135,476532.939640891330782,1409016.728244151687250,478438.195529217133299,1407366.728244151687250
136,136,476532.939640891330782,1407366.728244151687250,478438.195529217133299,1405716.728244151687250
154,154,477961.881557135668118,1436241.728244151687250,479867.137445461470634,1434591.728244151920080
155,155,477961.881557135668118,1434591.728244151920080,479867.137445461470634,1432941.728244151687250
156,156,477961.881557135668118,1432941.728244151687250,479867.137445461470634,1431291.728244151687250
157,157,477961.881557135668118,1431291.728244151687250,479867.137445461470634,1429641.728244151687250
158,158,477961.881557135668118,1429641.728244151687250,479867.137445461470634,1427991.728244151920080
159,159,477961.881557135668118,1427991.728244151920080,479867.137445461470634,1426341.728244151687250
160,160,477961.881557135668118,1426341.728244151687250,479867.137445461470634,1424691.728244151687250
161,161,477961.881557135668118,1424691.728244151687250,479867.137445461470634,1423041.728244151687250
162,162,477961.881557135668118,1423041.728244151687250,479867.137445461470634,1421391.728244151920080
163,163,477961.881557135668118,1421391.728244151920080,479867.137445461470634,1419741.728244151687250
164,164,477961.881557135668118,1419741.728244151687250,479867.137445461470634,1418091.728244151687250
165,165,477961.881557135668118,1418091.728244151687250,479867.137445461470634,1416441.728244151687250
166,166,477961.881557135668118,1416441.728244151687250,479867.137445461470634,1414791.728244151920080
167,167,477961.881557135668118,1414791.728244151920080,479867.137445461470634,1413141.728244151687250
168,168,477961.881557135668118,1413141.728244151687250,479867.137445461470634,1411491.728244151687250
169,169,477961.881557135668118,1411491.728244151687250,479867.137445461470634,1409841.728244151687250
170,170,477961.881557135668118,1409841.728244151687250,479867.137445461470634,1408191.728244151920080
171,171,477961.881557135668118,1408191.728244151920080,479867.137445461470634,1406541.728244151687250
188,188,479390.823473380005453,1437066.728244151687250,481296.079361705807969,1435416.728244151687250
189,189,479390.823473380005453,1435416.728244151687250,481296.079361705807969,1433766.728244151687250
190,190,479390.823473380005453,1433766.728244151687250,481296.079361705807969,1432116.728244151687250
191,191,479390.823473380005453,1432116.728244151687250,481296.079361705807969,1430466.728244151687250
192,192,479390.823473380005453,1430466.728244151687250,481296.079361705807969,1428816.728244151687250
193,193,479390.823473380005453,1428816.728244151687250,481296.079361705807969,1427166.728244151687250
194,194,479390.823473380005453,1427166.728244151687250,481296.079361705807969,1425516.728244151687250
195,195,479390.823473380005453,1425516.728244151687250,481296.079361705807969,1423866.728244151687250
196,196,479390.823473380005453,1423866.728244151687250,481296.079361705807969,1422216.728244151687250
197,197,479390.823473380005453,1422216.728244151687250,481296.079361705807969,1420566.728244151687250
198,198,479390.823473380005453,1420566.728244151687250,481296.079361705807969,1418916.728244151687250
199,199,479390.823473380005453,1418916.728244151687250,481296.079361705807969,1417266.728244151687250
200,200,479390.823473380005453,1417266.728244151687250,481296.079361705807969,1415616.728244151687250
201,201,479390.823473380005453,1415616.728244151687250,481296.079361705807969,1413966.728244151687250
202,202,479390.823473380005453,1413966.728244151687250,481296.079361705807969,1412316.728244151687250
203,203,479390.823473380005453,1412316.728244151687250,481296.079361705807969,1410666.728244151687250
204,204,479390.823473380005453,1410666.728244151687250,481296.079361705807969,1409016.728244151687250
205,205,479390.823473380005453,1409016.728244151687250,481296.079361705807969,1407366.728244151687250
206,206,479390.823473380005453,1407366.728244151687250,481296.079361705807969,1405716.728244151687250
224,224,480819.765389624342788,1436241.728244151687250,482725.021277950087097,1434591.728244151920080
225,225,480819.765389624342788,1434591.728244151920080,482725.021277950087097,1432941.728244151687250
226,226,480819.765389624342788,1432941.728244151687250,482725.021277950087097,1431291.728244151687250
227,227,480819.765389624342788,1431291.728244151687250,482725.021277950087097,1429641.728244151687250
228,228,480819.765389624342788,1429641.728244151687250,482725.021277950087097,1427991.728244151920080
229,229,480819.765389624342788,1427991.728244151920080,482725.021277950087097,1426341.728244151687250
230,230,480819.765389624342788,1426341.728244151687250,482725.021277950087097,1424691.728244151687250
231,231,480819.765389624342788,1424691.728244151687250,482725.021277950087097,1423041.728244151687250
232,232,480819.765389624342788,1423041.728244151687250,482725.021277950087097,1421391.728244151920080
233,233,480819.765389624342788,1421391.728244151920080,482725.021277950087097,1419741.728244151687250
234,234,480819.765389624342788,1419741.728244151687250,482725.021277950087097,1418091.728244151687250
235,235,480819.765389624342788,1418091.728244151687250,482725.021277950087097,1416441.728244151687250
236,236,480819.765389624342788,1416441.728244151687250,482725.021277950087097,1414791.728244151920080
237,237,480819.765389624342788,1414791.728244151920080,482725.021277950087097,1413141.728244151687250
238,238,480819.765389624342788,1413141.728244151687250,482725.021277950087097,1411491.728244151687250
239,239,480819.765389624342788,1411491.728244151687250,482725.021277950087097,1409841.728244151687250
240,240,480819.765389624342788,1409841.728244151687250,482725.021277950087097,1408191.728244151920080
241,241,480819.765389624342788,1408191.728244151920080,482725.021277950087097,1406541.728244151687250
258,258,482248.707305868621916,1437066.728244151687250,484153.963194194366224,1435416.728244151687250
259,259,482248.707305868621916,1435416.728244151687250,484153.963194194366224,1433766.728244151687250
260,260,482248.707305868621916,1433766.728244151687250,484153.963194194366224,1432116.728244151687250
261,261,482248.707305868621916,1432116.728244151687250,484153.963194194366224,1430466.728244151687250
262,262,482248.707305868621916,1430466.728244151687250,484153.963194194366224,1428816.728244151687250
263,263,482248.707305868621916,1428816.728244151687250,484153.963194194366224,1427166.728244151687250
264,264,482248.707305868621916,1427166.728244151687250,484153.963194194366224,1425516.728244151687250
265,265,482248.707305868621916,1425516.728244151687250,484153.963194194366224,1423866.728244151687250
266,266,482248.707305868621916,1423866.728244151687250,484153.963194194366224,1422216.728244151687250
267,267,482248.707305868621916,1422216.728244151687250,484153.963194194366224,1420566.728244151687250
268,268,482248.707305868621916,1420566.728244151687250,484153.963194194366224,1418916.728244151687250
269,269,482248.707305868621916,1418916.728244151687250,484153.963194194366224,1417266.728244151687250
270,270,482248.707305868621916,1417266.728244151687250,484153.963194194366224,1415616.728244151687250
271,271,482248.707305868621916,1415616.728244151687250,484153.963194194366224,1413966.728244151687250
272,272,482248.707305868621916,1413966.728244151687250,484153.963194194366224,1412316.728244151687250
273,273,482248.707305868621916,1412316.728244151687250,484153.963194194366224,1410666.728244151687250
274,274,482248.707305868621916,1410666.728244151687250,484153.963194194366224,1409016.728244151687250
275,275,482248.707305868621916,1409016.728244151687250,484153.963194194366224,1407366.728244151687250
276,276,482248.707305868621916,1407366.728244151687250,484153.963194194366224,1405716.728244151687250
294,294,483677.649222112959251,1436241.728244151687250,485582.905110438761767,1434591.728244151920080
295,295,483677.649222112959251,1434591.728244151920080,485582.905110438761767,1432941.728244151687250
296,296,483677.649222112959251,1432941.728244151687250,485582.905110438761767,1431291.728244151687250
297,297,483677.649222112959251,1431291.728244151687250,485582.905110438761767,1429641.728244151687250
298,298,483677.649222112959251,1429641.728244151687250,485582.905110438761767,1427991.728244151920080
299,299,483677.649222112959251,1427991.728244151920080,485582.905110438761767,1426341.728244151687250
300,300,483677.649222112959251,1426341.728244151687250,485582.905110438761767,1424691.728244151687250
301,301,483677.649222112959251,1424691.728244151687250,485582.905110438761767,1423041.728244151687250
302,302,483677.649222112959251,1423041.728244151687250,485582.905110438761767,1421391.728244151920080
303,303,483677.649222112959251,1421391.728244151920080,485582.905110438761767,1419741.728244151687250
304,304,483677.649222112959251,1419741.728244151687250,485582.905110438761767,1418091.728244151687250
305,305,483677.649222112959251,1418091.728244151687250,485582.905110438761767,1416441.728244151687250
306,306,483677.649222112959251,1416441.728244151687250,485582.905110438761767,1414791.728244151920080
307,307,483677.649222112959251,1414791.728244151920080,485582.905110438761767,1413141.728244151687250
308,308,483677.649222112959251,1413141.728244151687250,485582.905110438761767,1411491.728244151687250
309,309,483677.649222112959251,1411491.728244151687250,485582.905110438761767,1409841.728244151687250
310,310,483677.649222112959251,1409841.728244151687250,485582.905110438761767,1408191.728244151920080
311,311,483677.649222112959251,1408191.728244151920080,485582.905110438761767,1406541.728244151687250
312,312,483677.649222112959251,1406541.728244151687250,485582.905110438761767,1404891.728244151687250
313,313,483677.649222112959251,1404891.728244151687250,485582.905110438761767,1403241.728244151687250
329,329,485106.591138357296586,1435416.728244151687250,487011.847026683099102,1433766.728244151687250
330,330,485106.591138357296586,1433766.728244151687250,487011.847026683099102,1432116.728244151687250
331,331,485106.591138357296586,1432116.728244151687250,487011.847026683099102,1430466.728244151687250
332,332,485106.591138357296586,1430466.728244151687250,487011.847026683099102,1428816.728244151687250
333,333,485106.591138357296586,1428816.728244151687250,487011.847026683099102,1427166.728244151687250
334,334,485106.591138357296586,1427166.728244151687250,487011.847026683099102,1425516.728244151687250
335,335,485106.591138357296586,1425516.728244151687250,487011.847026683099102,1423866.728244151687250
336,336,485106.591138357296586,1423866.728244151687250,487011.847026683099102,1422216.728244151687250
337,337,485106.591138357296586,1422216.728244151687250,487011.847026683099102,1420566.728244151687250
338,338,485106.591138357296586,1420566.728244151687250,487011.847026683099102,1418916.728244151687250
339,339,485106.591138357296586,1418916.728244151687250,487011.847026683099102,1417266.728244151687250
340,340,485106.591138357296586,1417266.728244151687250,487011.847026683099102,1415616.728244151687250
341,341,485106.591138357296586,1415616.728244151687250,487011.847026683099102,1413966.728244151687250
342,342,485106.591138357296586,1413966.728244151687250,487011.847026683099102,1412316.728244151687250
343,343,485106.591138357296586,1412316.728244151687250,487011.847026683099102,1410666.728244151687250
344,344,485106.591138357296586,1410666.728244151687250,487011.847026683099102,1409016.728244151687250
345,345,485106.591138357296586,1409016.728244151687250,487011.847026683099102,1407366.728244151687250
346,346,485106.591138357296586,1407366.728244151687250,487011.847026683099102,1405716.728244151687250
347,347,485106.591138357296586,1405716.728244151687250,487011.847026683099102,1404066.728244151687250
348,348,485106.591138357296586,1404066.728244151687250,487011.847026683099102,1402416.728244151687250
349,349,485106.591138357296586,1402416.728244151687250,487011.847026683099102,1400766.728244151687250
366,366,486535.533054601633921,1432941.728244151687250,488440.788942927436437,1431291.728244151687250
367,367,486535.533054601633921,1431291.728244151687250,488440.788942927436437,1429641.728244151687250
368,368,486535.533054601633921,1429641.728244151687250,488440.788942927436437,1427991.728244151920080
369,369,486535.533054601633921,1427991.728244151920080,488440.788942927436437,1426341.728244151687250
370,370,486535.533054601633921,1426341.728244151687250,488440.788942927436437,1424691.728244151687250
371,371,486535.533054601633921,1424691.728244151687250,488440.788942927436437,1423041.728244151687250
372,372,486535.533054601633921,1423041.728244151687250,488440.788942927436437,1421391.728244151920080
373,373,486535.533054601633921,1421391.728244151920080,488440.788942927436437,1419741.728244151687250
374,374,486535.533054601633921,1419741.728244151687250,488440.788942927436437,1418091.728244151687250
375,375,486535.533054601633921,1418091.728244151687250,488440.788942927436437,1416441.728244151687250
376,376,486535.533054601633921,1416441.728244151687250,488440.788942927436437,1414791.728244151920080
377,377,486535.533054601633921,1414791.728244151920080,488440.788942927436437,1413141.728244151687250
378,378,486535.533054601633921,1413141.728244151687250,488440.788942927436437,1411491.728244151687250
379,379,486535.533054601633921,1411491.728244151687250,488440.788942927436437,1409841.728244151687250
380,380,486535.533054601633921,1409841.728244151687250,488440.788942927436437,1408191.728244151920080
381,381,486535.533054601633921,1408191.728244151920080,488440.788942927436437,1406541.728244151687250
382,382,486535.533054601633921,1406541.728244151687250,488440.788942927436437,1404891.728244151687250
383,383,486535.533054601633921,1404891.728244151687250,488440.788942927436437,1403241.728244151687250
384,384,486535.533054601633921,1403241.728244151687250,488440.788942927436437,1401591.728244151920080
385,385,486535.533054601633921,1401591.728244151920080,488440.788942927436437,1399941.728244151687250
399,399,487964.474970846029464,1435416.728244151687250,489869.730859171773773,1433766.728244151687250
400,400,487964.474970846029464,1433766.728244151687250,489869.730859171773773,1432116.728244151687250
401,401,487964.474970846029464,1432116.728244151687250,489869.730859171773773,1430466.728244151687250
402,402,487964.474970846029464,1430466.728244151687250,489869.730859171773773,1428816.728244151687250
403,403,487964.474970846029464,1428816.728244151687250,489869.730859171773773,1427166.728244151687250
404,404,487964.474970846029464,1427166.728244151687250,489869.730859171773773,1425516.728244151687250
405,405,487964.474970846029464,1425516.728244151687250,489869.730859171773773,1423866.728244151687250
406,406,487964.474970846029464,1423866.728244151687250,489869.730859171773773,1422216.728244151687250
407,407,487964.474970846029464,1422216.728244151687250,489869.730859171773773,1420566.728244151687250
408,408,487964.474970846029464,1420566.728244151687250,489869.730859171773773,1418916.728244151687250
409,409,487964.474970846029464,1418916.728244151687250,489869.730859171773773,1417266.728244151687250
410,410,487964.474970846029464,1417266.728244151687250,489869.730859171773773,1415616.728244151687250
411,411,487964.474970846029464,1415616.728244151687250,489869.730859171773773,1413966.728244151687250
412,412,487964.474970846029464,1413966.728244151687250,489869.730859171773773,1412316.728244151687250
413,413,487964.474970846029464,1412316.728244151687250,489869.730859171773773,1410666.728244151687250
414,414,487964.474970846029464,1410666.728244151687250,489869.730859171773773,1409016.728244151687250
415,415,487964.474970846029464,1409016.728244151687250,489869.730859171773773,1407366.728244151687250
416,416,487964.474970846029464,1407366.728244151687250,489869.730859171773773,1405716.728244151687250
417,417,487964.474970846029464,1405716.728244151687250,489869.730859171773773,1404066.728244151687250
418,418,487964.474970846029464,1404066.728244151687250,489869.730859171773773,1402416.728244151687250
419,419,487964.474970846029464,1402416.728244151687250,489869.730859171773773,1400766.728244151687250
431,431,489393.416887090308592,1441191.728244151920080,491298.672775416052900,1439541.728244151687250
432,432,489393.416887090308592,1439541.728244151687250,491298.672775416052900,1437891.728244151687250
433,433,489393.416887090308592,1437891.728244151687250,491298.672775416052900,1436241.728244151687250
434,434,489393.416887090308592,1436241.728244151687250,491298.672775416052900,1434591.728244151920080
435,435,489393.416887090308592,1434591.728244151920080,491298.672775416052900,1432941.728244151687250
436,436,489393.416887090308592,1432941.728244151687250,491298.672775416052900,1431291.728244151687250
437,437,489393.416887090308592,1431291.728244151687250,491298.672775416052900,1429641.728244151687250
438,438,489393.416887090308592,1429641.728244151687250,491298.672775416052900,1427991.728244151920080
439,439,489393.416887090308592,1427991.728244151920080,491298.672775416052900,1426341.728244151687250
440,440,489393.416887090308592,1426341.728244151687250,491298.672775416052900,1424691.728244151687250
441,441,489393.416887090308592,1424691.728244151687250,491298.672775416052900,1423041.728244151687250
442,442,489393.416887090308592,1423041.728244151687250,491298.672775416052900,1421391.728244151920080
443,443,489393.416887090308592,1421391.728244151920080,491298.672775416052900,1419741.728244151687250
444,444,489393.416887090308592,1419741.728244151687250,491298.672775416052900,1418091.728244151687250
445,445,489393.416887090308592,1418091.728244151687250,491298.672775416052900,1416441.728244151687250
446,446,489393.416887090308592,1416441.728244151687250,491298.672775416052900,1414791.728244151920080
447,447,489393.416887090308592,1414791.728244151920080,491298.672775416052900,1413141.728244151687250
448,448,489393.416887090308592,1413141.728244151687250,491298.672775416052900,1411491.728244151687250
449,449,489393.416887090308592,1411491.728244151687250,491298.672775416052900,1409841.728244151687250
450,450,489393.416887090308592,1409841.728244151687250,491298.672775416052900,1408191.728244151920080
451,451,489393.416887090308592,1408191.728244151920080,491298.672775416052900,1406541.728244151687250
452,452,489393.416887090308592,1406541.728244151687250,491298.672775416052900,1404891.728244151687250
453,453,489393.416887090308592,1404891.728244151687250,491298.672775416052900,1403241.728244151687250
454,454,489393.416887090308592,1403241.728244151687250,491298.672775416052900,1401591.728244151920080
464,464,490822.358803334587719,1443666.728244151687250,492727.614691660390235,1442016.728244151687250
465,465,490822.358803334587719,1442016.728244151687250,492727.614691660390235,1440366.728244151687250
466,466,490822.358803334587719,1440366.728244151687250,492727.614691660390235,1438716.728244151687250
467,467,490822.358803334587719,1438716.728244151687250,492727.614691660390235,1437066.728244151687250
468,468,490822.358803334587719,1437066.728244151687250,492727.614691660390235,1435416.728244151687250
469,469,490822.358803334587719,1435416.728244151687250,492727.614691660390235,1433766.728244151687250
470,470,490822.358803334587719,1433766.728244151687250,492727.614691660390235,1432116.728244151687250
471,471,490822.358803334587719,1432116.728244151687250,492727.614691660390235,1430466.728244151687250
472,472,490822.358803334587719,1430466.728244151687250,492727.614691660390235,1428816.728244151687250
473,473,490822.358803334587719,1428816.728244151687250,492727.614691660390235,1427166.728244151687250
474,474,490822.358803334587719,1427166.728244151687250,492727.614691660390235,1425516.728244151687250
475,475,490822.358803334587719,1425516.728244151687250,492727.614691660390235,1423866.728244151687250
476,476,490822.358803334587719,1423866.728244151687250,492727.614691660390235,1422216.728244151687250
477,477,490822.358803334587719,1422216.728244151687250,492727.614691660390235,1420566.728244151687250
478,478,490822.358803334587719,1420566.728244151687250,492727.614691660390235,1418916.728244151687250
479,479,490822.358803334587719,1418916.728244151687250,492727.614691660390235,1417266.728244151687250
480,480,490822.358803334587719,1417266.728244151687250,492727.614691660390235,1415616.728244151687250
481,481,490822.358803334587719,1415616.728244151687250,492727.614691660390235,1413966.728244151687250
482,482,490822.358803334587719,1413966.728244151687250,492727.614691660390235,1412316.728244151687250
483,483,490822.358803334587719,1412316.728244151687250,492727.614691660390235,1410666.728244151687250
484,484,490822.358803334587719,1410666.728244151687250,492727.614691660390235,1409016.728244151687250
485,485,490822.358803334587719,1409016.728244151687250,492727.614691660390235,1407366.728244151687250
486,486,490822.358803334587719,1407366.728244151687250,492727.614691660390235,1405716.728244151687250
487,487,490822.358803334587719,1405716.728244151687250,492727.614691660390235,1404066.728244151687250
488,488,490822.358803334587719,1404066.728244151687250,492727.614691660390235,1402416.728244151687250
497,497,492251.300719578925055,1447791.728244151920080,494156.556607904727571,1446141.728244151687250
498,498,492251.300719578925055,1446141.728244151687250,494156.556607904727571,1444491.728244151687250
499,499,492251.300719578925055,1444491.728244151687250,494156.556607904727571,1442841.728244151687250
500,500,492251.300719578925055,1442841.728244151687250,494156.556607904727571,1441191.728244151920080
501,501,492251.300719578925055,1441191.728244151920080,494156.556607904727571,1439541.728244151687250
502,502,492251.300719578925055,1439541.728244151687250,494156.556607904727571,1437891.728244151687250
503,503,492251.300719578925055,1437891.728244151687250,494156.556607904727571,1436241.728244151687250
504,504,492251.300719578925055,1436241.728244151687250,494156.556607904727571,1434591.728244151920080
505,505,492251.300719578925055,1434591.728244151920080,494156.556607904727571,1432941.728244151687250
506,506,492251.300719578925055,1432941.728244151687250,494156.556607904727571,1431291.728244151687250
507,507,492251.300719578925055,1431291.728244151687250,494156.556607904727571,1429641.728244151687250
508,508,492251.300719578925055,1429641.728244151687250,494156.556607904727571,1427991.728244151920080
509,509,492251.300719578925055,1427991.728244151920080,494156.556607904727571,1426341.728244151687250
510,510,492251.300719578925055,1426341.728244151687250,494156.556607904727571,1424691.728244151687250
511,511,492251.300719578925055,1424691.728244151687250,494156.556607904727571,1423041.728244151687250
512,512,492251.300719578925055,1423041.728244151687250,494156.556607904727571,1421391.728244151920080
513,513,492251.300719578925055,1421391.728244151920080,494156.556607904727571,1419741.728244151687250
514,514,492251.300719578925055,1419741.728244151687250,494156.556607904727571,1418091.728244151687250
515,515,492251.300719578925055,1418091.728244151687250,494156.556607904727571,1416441.728244151687250
516,516,492251.300719578925055,1416441.728244151687250,494156.556607904727571,1414791.728244151920080
517,517,492251.300719578925055,1414791.728244151920080,494156.556607904727571,1413141.728244151687250
518,518,492251.300719578925055,1413141.728244151687250,494156.556607904727571,1411491.728244151687250
519,519,492251.300719578925055,1411491.728244151687250,494156.556607904727571,1409841.728244151687250
520,520,492251.300719578925055,1409841.728244151687250,494156.556607904727571,1408191.728244151920080
521,521,492251.300719578925055,1408191.728244151920080,494156.556607904727571,1406541.728244151687250
522,522,492251.300719578925055,1406541.728244151687250,494156.556607904727571,1404891.728244151687250
523,523,492251.300719578925055,1404891.728244151687250,494156.556607904727571,1403241.728244151687250
530,530,493680.242635823262390,1450266.728244151687250,495585.498524149064906,1448616.728244151687250
531,531,493680.242635823262390,1448616.728244151687250,495585.498524149064906,1446966.728244151687250
532,532,493680.242635823262390,1446966.728244151687250,495585.498524149064906,1445316.728244151687250
533,533,493680.242635823262390,1445316.728244151687250,495585.498524149064906,1443666.728244151687250
534,534,493680.242635823262390,1443666.728244151687250,495585.498524149064906,1442016.728244151687250
535,535,493680.242635823262390,1442016.728244151687250,495585.498524149064906,1440366.728244151687250
536,536,493680.242635823262390,1440366.728244151687250,495585.498524149064906,1438716.728244151687250
537,537,493680.242635823262390,1438716.728244151687250,495585.498524149064906,1437066.728244151687250
538,538,493680.242635823262390,1437066.728244151687250,495585.498524149064906,1435416.728244151687250
539,539,493680.242635823262390,1435416.728244151687250,495585.498524149064906,1433766.728244151687250
540,540,493680.242635823262390,1433766.728244151687250,495585.498524149064906,1432116.728244151687250
541,541,493680.242635823262390,1432116.728244151687250,495585.498524149064906,1430466.728244151687250
542,542,493680.242635823262390,1430466.728244151687250,495585.498524149064906,1428816.728244151687250
543,543,493680.242635823262390,1428816.728244151687250,495585.498524149064906,1427166.728244151687250
544,544,493680.242635823262390,1427166.728244151687250,495585.498524149064906,1425516.728244151687250
545,545,493680.242635823262390,1425516.728244151687250,495585.498524149064906,1423866.728244151687250
546,546,493680.242635823262390,1423866.728244151687250,495585.498524149064906,1422216.728244151687250
547,547,493680.242635823262390,1422216.728244151687250,495585.498524149064906,1420566.728244151687250
548,548,493680.242635823262390,1420566.728244151687250,495585.498524149064906,1418916.728244151687250
549,549,493680.242635823262390,1418916.728244151687250,495585.498524149064906,1417266.728244151687250
550,550,493680.242635823262390,1417266.728244151687250,495585.498524149064906,1415616.728244151687250
551,551,493680.242635823262390,1415616.728244151687250,495585.498524149064906,1413966.728244151687250
552,552,493680.242635823262390,1413966.728244151687250,495585.498524149064906,1412316.728244151687250
553,553,493680.242635823262390,1412316.728244151687250,495585.498524149064906,1410666.728244151687250
554,554,493680.242635823262390,1410666.728244151687250,495585.498524149064906,1409016.728244151687250
555,555,493680.242635823262390,1409016.728244151687250,495585.498524149064906,1407366.728244151687250
556,556,493680.242635823262390,1407366.728244151687250,495585.498524149064906,1405716.728244151687250
557,557,493680.242635823262390,1405716.728244151687250,495585.498524149064906,1404066.728244151687250
564,564,495109.184552067541517,1452741.728244151687250,497014.440440393344034,1451091.728244151687250
565,565,495109.184552067541517,1451091.728244151687250,497014.440440393344034,1449441.728244151687250
566,566,495109.184552067541517,1449441.728244151687250,497014.440440393344034,1447791.728244151920080
567,567,495109.184552067541517,1447791.728244151920080,497014.440440393344034,1446141.728244151687250
568,568,495109.184552067541517,1446141.728244151687250,497014.440440393344034,1444491.728244151687250
569,569,495109.184552067541517,1444491.728244151687250,497014.440440393344034,1442841.728244151687250
570,570,495109.184552067541517,1442841.728244151687250,497014.440440393344034,1441191.728244151920080
571,571,495109.184552067541517,1441191.728244151920080,497014.440440393344034,1439541.728244151687250
572,572,495109.184552067541517,1439541.728244151687250,497014.440440393344034,1437891.728244151687250
573,573,495109.184552067541517,1437891.728244151687250,497014.440440393344034,1436241.728244151687250
574,574,495109.184552067541517,1436241.728244151687250,497014.440440393344034,1434591.728244151920080
575,575,495109.184552067541517,1434591.728244151920080,497014.440440393344034,1432941.728244151687250
576,576,495109.184552067541517,1432941.728244151687250,497014.440440393344034,1431291.728244151687250
577,577,495109.184552067541517,1431291.728244151687250,497014.440440393344034,1429641.728244151687250
578,578,495109.184552067541517,1429641.728244151687250,497014.440440393344034,1427991.728244151920080
579,579,495109.184552067541517,1427991.728244151920080,497014.440440393344034,1426341.728244151687250
580,580,495109.184552067541517,1426341.728244151687250,497014.440440393344034,1424691.728244151687250
581,581,495109.184552067541517,1424691.728244151687250,497014.440440393344034,1423041.728244151687250
582,582,495109.184552067541517,1423041.728244151687250,497014.440440393344034,1421391.728244151920080
583,583,495109.184552067541517,1421391.728244151920080,497014.440440393344034,1419741.728244151687250
584,584,495109.184552067541517,1419741.728244151687250,497014.440440393344034,1418091.728244151687250
585,585,495109.184552067541517,1418091.728244151687250,497014.440440393344034,1416441.728244151687250
586,586,495109.184552067541517,1416441.728244151687250,497014.440440393344034,1414791.728244151920080
587,587,495109.184552067541517,1414791.728244151920080,497014.440440393344034,1413141.728244151687250
588,588,495109.184552067541517,1413141.728244151687250,497014.440440393344034,1411491.728244151687250
589,589,495109.184552067541517,1411491.728244151687250,497014.440440393344034,1409841.728244151687250
590,590,495109.184552067541517,1409841.728244151687250,497014.440440393344034,1408191.728244151920080
591,591,495109.184552067541517,1408191.728244151920080,497014.440440393344034,1406541.728244151687250
592,592,495109.184552067541517,1406541.728244151687250,497014.440440393344034,1404891.728244151687250
593,593,495109.184552067541517,1404891.728244151687250,497014.440440393344034,1403241.728244151687250
597,597,496538.126468311878853,1455216.728244151687250,498443.382356637739576,1453566.728244151687250
598,598,496538.126468311878853,1453566.728244151687250,498443.382356637739576,1451916.728244151687250
599,599,496538.126468311878853,1451916.728244151687250,498443.382356637739576,1450266.728244151687250
600,600,496538.126468311878853,1450266.728244151687250,498443.382356637739576,1448616.728244151687250
601,601,496538.126468311878853,1448616.728244151687250,498443.382356637739576,1446966.728244151687250
602,602,496538.126468311878853,1446966.728244151687250,498443.382356637739576,1445316.728244151687250
603,603,496538.126468311878853,1445316.728244151687250,498443.382356637739576,1443666.728244151687250
604,604,496538.126468311878853,1443666.728244151687250,498443.382356637739576,1442016.728244151687250
605,605,496538.126468311878853,1442016.728244151687250,498443.382356637739576,1440366.728244151687250
606,606,496538.126468311878853,1440366.728244151687250,498443.382356637739576,1438716.728244151687250
607,607,496538.126468311878853,1438716.728244151687250,498443.382356637739576,1437066.728244151687250
608,608,496538.126468311878853,1437066.728244151687250,498443.382356637739576,1435416.728244151687250
609,609,496538.126468311878853,1435416.728244151687250,498443.382356637739576,1433766.728244151687250
610,610,496538.126468311878853,1433766.728244151687250,498443.382356637739576,1432116.728244151687250
611,611,496538.126468311878853,1432116.728244151687250,498443.382356637739576,1430466.728244151687250
612,612,496538.126468311878853,1430466.728244151687250,498443.382356637739576,1428816.728244151687250
613,613,496538.126468311878853,1428816.728244151687250,498443.382356637739576,1427166.728244151687250
614,614,496538.126468311878853,1427166.728244151687250,498443.382356637739576,1425516.728244151687250
615,615,496538.126468311878853,1425516.728244151687250,498443.382356637739576,1423866.728244151687250
616,616,496538.126468311878853,1423866.728244151687250,498443.382356637739576,1422216.728244151687250
617,617,496538.126468311878853,1422216.728244151687250,498443.382356637739576,1420566.728244151687250
618,618,496538.126468311878853,1420566.728244151687250,498443.382356637739576,1418916.728244151687250
619,619,496538.126468311878853,1418916.728244151687250,498443.382356637739576,1417266.728244151687250
620,620,496538.126468311878853,1417266.728244151687250,498443.382356637739576,1415616.728244151687250
621,621,496538.126468311878853,1415616.728244151687250,498443.382356637739576,1413966.728244151687250
622,622,496538.126468311878853,1413966.728244151687250,498443.382356637739576,1412316.728244151687250
623,623,496538.126468311878853,1412316.728244151687250,498443.382356637739576,1410666.728244151687250
624,624,496538.126468311878853,1410666.728244151687250,498443.382356637739576,1409016.728244151687250
625,625,496538.126468311878853,1409016.728244151687250,498443.382356637739576,1407366.728244151687250
626,626,496538.126468311878853,1407366.728244151687250,498443.382356637739576,1405716.728244151687250
627,627,496538.126468311878853,1405716.728244151687250,498443.382356637739576,1404066.728244151687250
631,631,497967.068384556216188,1457691.728244151687250,499872.324272882018704,1456041.728244151687250
632,632,497967.068384556216188,1456041.728244151687250,499872.324272882018704,1454391.728244151920080
633,633,497967.068384556216188,1454391.728244151920080,499872.324272882018704,1452741.728244151687250
634,634,497967.068384556216188,1452741.728244151687250,499872.324272882018704,1451091.728244151687250
635,635,497967.068384556216188,1451091.728244151687250,499872.324272882018704,1449441.728244151687250
636,636,497967.068384556216188,1449441.728244151687250,499872.324272882018704,1447791.728244151920080
637,637,497967.068384556216188,1447791.728244151920080,499872.324272882018704,1446141.728244151687250
638,638,497967.068384556216188,1446141.728244151687250,499872.324272882018704,1444491.728244151687250
639,639,497967.068384556216188,1444491.728244151687250,499872.324272882018704,1442841.728244151687250
640,640,497967.068384556216188,1442841.728244151687250,499872.324272882018704,1441191.728244151920080
641,641,497967.068384556216188,1441191.728244151920080,499872.324272882018704,1439541.728244151687250
642,642,497967.068384556216188,1439541.728244151687250,499872.324272882018704,1437891.728244151687250
643,643,497967.068384556216188,1437891.728244151687250,499872.324272882018704,1436241.728244151687250
644,644,497967.068384556216188,1436241.728244151687250,499872.324272882018704,1434591.728244151920080
645,645,497967.068384556216188,1434591.728244151920080,499872.324272882018704,1432941.728244151687250
646,646,497967.068384556216188,1432941.728244151687250,499872.324272882018704,1431291.728244151687250
647,647,497967.068384556216188,1431291.728244151687250,499872.324272882018704,1429641.728244151687250
648,648,497967.068384556216188,1429641.728244151687250,499872.324272882018704,1427991.728244151920080
649,649,497967.068384556216188,1427991.728244151920080,499872.324272882018704,1426341.728244151687250
650,650,497967.068384556216188,1426341.728244151687250,499872.324272882018704,1424691.728244151687250
651,651,497967.068384556216188,1424691.728244151687250,499872.324272882018704,1423041.728244151687250
652,652,497967.068384556216188,1423041.728244151687250,499872.324272882018704,1421391.728244151920080
653,653,497967.068384556216188,1421391.728244151920080,499872.324272882018704,1419741.728244151687250
654,654,497967.068384556216188,1419741.728244151687250,499872.324272882018704,1418091.728244151687250
655,655,497967.068384556216188,1418091.728244151687250,499872.324272882018704,1416441.728244151687250
656,656,497967.068384556216188,1416441.728244151687250,499872.324272882018704,1414791.728244151920080
657,657,497967.068384556216188,1414791.728244151920080,499872.324272882018704,1413141.728244151687250
658,658,497967.068384556216188,1413141.728244151687250,499872.324272882018704,1411491.728244151687250
659,659,497967.068384556216188,1411491.728244151687250,499872.324272882018704,1409841.728244151687250
660,660,497967.068384556216188,1409841.728244151687250,499872.324272882018704,1408191.728244151920080
661,661,497967.068384556216188,1408191.728244151920080,499872.324272882018704,1406541.728244151687250
662,662,497967.068384556216188,1406541.728244151687250,499872.324272882018704,1404891.728244151687250
663,663,497967.068384556216188,1404891.728244151687250,499872.324272882018704,1403241.728244151687250
666,666,499396.010300800553523,1456866.728244151687250,501301.266189126356039,1455216.728244151687250
667,667,499396.010300800553523,1455216.728244151687250,501301.266189126356039,1453566.728244151687250
668,668,499396.010300800553523,1453566.728244151687250,501301.266189126356039,1451916.728244151687250
669,669,499396.010300800553523,1451916.728244151687250,501301.266189126356039,1450266.728244151687250
670,670,499396.010300800553523,1450266.728244151687250,501301.266189126356039,1448616.728244151687250
671,671,499396.010300800553523,1448616.728244151687250,501301.266189126356039,1446966.728244151687250
672,672,499396.010300800553523,1446966.728244151687250,501301.266189126356039,1445316.728244151687250
673,673,499396.010300800553523,1445316.728244151687250,501301.266189126356039,1443666.728244151687250
674,674,499396.010300800553523,1443666.728244151687250,501301.266189126356039,1442016.728244151687250
675,675,499396.010300800553523,1442016.728244151687250,501301.266189126356039,1440366.728244151687250
676,676,499396.010300800553523,1440366.728244151687250,501301.266189126356039,1438716.728244151687250
677,677,499396.010300800553523,1438716.728244151687250,501301.266189126356039,1437066.728244151687250
678,678,499396.010300800553523,1437066.728244151687250,501301.266189126356039,1435416.728244151687250
679,679,499396.010300800553523,1435416.728244151687250,501301.266189126356039,1433766.728244151687250
680,680,499396.010300800553523,1433766.728244151687250,501301.266189126356039,1432116.728244151687250
681,681,499396.010300800553523,1432116.728244151687250,501301.266189126356039,1430466.728244151687250
682,682,499396.010300800553523,1430466.728244151687250,501301.266189126356039,1428816.728244151687250
683,683,499396.010300800553523,1428816.728244151687250,501301.266189126356039,1427166.728244151687250
684,684,499396.010300800553523,1427166.728244151687250,501301.266189126356039,1425516.728244151687250
685,685,499396.010300800553523,1425516.728244151687250,501301.266189126356039,1423866.728244151687250
686,686,499396.010300800553523,1423866.728244151687250,501301.266189126356039,1422216.728244151687250
687,687,499396.010300800553523,1422216.728244151687250,501301.266189126356039,1420566.728244151687250
688,688,499396.010300800553523,1420566.728244151687250,501301.266189126356039,1418916.728244151687250
689,689,499396.010300800553523,1418916.728244151687250,501301.266189126356039,1417266.728244151687250
690,690,499396.010300800553523,1417266.728244151687250,501301.266189126356039,1415616.728244151687250
691,691,499396.010300800553523,1415616.728244151687250,501301.266189126356039,1413966.728244151687250
692,692,499396.010300800553523,1413966.728244151687250,501301.266189126356039,1412316.728244151687250
693,693,499396.010300800553523,1412316.728244151687250,501301.266189126356039,1410666.728244151687250
694,694,499396.010300800553523,1410666.728244151687250,501301.266189126356039,1409016.728244151687250
695,695,499396.010300800553523,1409016.728244151687250,501301.266189126356039,1407366.728244151687250
696,696,499396.010300800553523,1407366.728244151687250,501301.266189126356039,1405716.728244151687250
697,697,499396.010300800553523,1405716.728244151687250,501301.266189126356039,1404066.728244151687250
698,698,499396.010300800553523,1404066.728244151687250,501301.266189126356039,1402416.728244151687250
701,701,500824.952217044890858,1457691.728244151687250,502730.208105370693374,1456041.728244151687250
702,702,500824.952217044890858,1456041.728244151687250,502730.208105370693374,1454391.728244151920080
703,703,500824.952217044890858,1454391.728244151920080,502730.208105370693374,1452741.728244151687250
704,704,500824.952217044890858,1452741.728244151687250,502730.208105370693374,1451091.728244151687250
705,705,500824.952217044890858,1451091.728244151687250,502730.208105370693374,1449441.728244151687250
706,706,500824.952217044890858,1449441.728244151687250,502730.208105370693374,1447791.728244151920080
707,707,500824.952217044890858,1447791.728244151920080,502730.208105370693374,1446141.728244151687250
708,708,500824.952217044890858,1446141.728244151687250,502730.208105370693374,1444491.728244151687250
709,709,500824.952217044890858,1444491.728244151687250,502730.208105370693374,1442841.728244151687250
710,710,500824.952217044890858,1442841.728244151687250,502730.208105370693374,1441191.728244151920080
711,711,500824.952217044890858,1441191.728244151920080,502730.208105370693374,1439541.728244151687250
712,712,500824.952217044890858,1439541.728244151687250,502730.208105370693374,1437891.728244151687250
713,713,500824.952217044890858,1437891.728244151687250,502730.208105370693374,1436241.728244151687250
714,714,500824.952217044890858,1436241.728244151687250,502730.208105370693374,1434591.728244151920080
715,715,500824.952217044890858,1434591.728244151920080,502730.208105370693374,1432941.728244151687250
716,716,500824.952217044890858,1432941.728244151687250,502730.208105370693374,1431291.728244151687250
717,717,500824.952217044890858,1431291.728244151687250,502730.208105370693374,1429641.728244151687250
718,718,500824.952217044890858,1429641.728244151687250,502730.208105370693374,1427991.728244151920080
719,719,500824.952217044890858,1427991.728244151920080,502730.208105370693374,1426341.728244151687250
720,720,500824.952217044890858,1426341.728244151687250,502730.208105370693374,1424691.728244151687250
721,721,500824.952217044890858,1424691.728244151687250,502730.208105370693374,1423041.728244151687250
722,722,500824.952217044890858,1423041.728244151687250,502730.208105370693374,1421391.728244151920080
723,723,500824.952217044890858,1421391.728244151920080,502730.208105370693374,1419741.728244151687250
724,724,500824.952217044890858,1419741.728244151687250,502730.208105370693374,1418091.728244151687250
725,725,500824.952217044890858,1418091.728244151687250,502730.208105370693374,1416441.728244151687250
726,726,500824.952217044890858,1416441.728244151687250,502730.208105370693374,1414791.728244151920080
727,727,500824.952217044890858,1414791.728244151920080,502730.208105370693374,1413141.728244151687250
728,728,500824.952217044890858,1413141.728244151687250,502730.208105370693374,1411491.728244151687250
729,729,500824.952217044890858,1411491.728244151687250,502730.208105370693374,1409841.728244151687250
730,730,500824.952217044890858,1409841.728244151687250,502730.208105370693374,1408191.728244151920080
731,731,500824.952217044890858,1408191.728244151920080,502730.208105370693374,1406541.728244151687250
732,732,500824.952217044890858,1406541.728244151687250,502730.208105370693374,1404891.728244151687250
733,733,500824.952217044890858,1404891.728244151687250,502730.208105370693374,1403241.728244151687250
736,736,502253.894133289169986,1456866.728244151687250,504159.150021614972502,1455216.728244151687250
737,737,502253.894133289169986,1455216.728244151687250,504159.150021614972502,1453566.728244151687250
738,738,502253.894133289169986,1453566.728244151687250,504159.150021614972502,1451916.728244151687250
739,739,502253.894133289169986,1451916.728244151687250,504159.150021614972502,1450266.728244151687250
740,740,502253.894133289169986,1450266.728244151687250,504159.150021614972502,1448616.728244151687250
741,741,502253.894133289169986,1448616.728244151687250,504159.150021614972502,1446966.728244151687250
742,742,502253.894133289169986,1446966.728244151687250,504159.150021614972502,1445316.728244151687250
743,743,502253.894133289169986,1445316.728244151687250,504159.150021614972502,1443666.728244151687250
744,744,502253.894133289169986,1443666.728244151687250,504159.150021614972502,1442016.728244151687250
745,745,502253.894133289169986,1442016.728244151687250,504159.150021614972502,1440366.728244151687250
746,746,502253.894133289169986,1440366.728244151687250,504159.150021614972502,1438716.728244151687250
747,747,502253.894133289169986,1438716.728244151687250,504159.150021614972502,1437066.728244151687250
748,748,502253.894133289169986,1437066.728244151687250,504159.150021614972502,1435416.728244151687250
749,749,502253.894133289169986,1435416.728244151687250,504159.150021614972502,1433766.728244151687250
750,750,502253.894133289169986,1433766.728244151687250,504159.150021614972502,1432116.728244151687250
751,751,502253.894133289169986,1432116.728244151687250,504159.150021614972502,1430466.728244151687250
752,752,502253.894133289169986,1430466.728244151687250,504159.150021614972502,1428816.728244151687250
753,753,502253.894133289169986,1428816.728244151687250,504159.150021614972502,1427166.728244151687250
754,754,502253.894133289169986,1427166.728244151687250,504159.150021614972502,1425516.728244151687250
755,755,502253.894133289169986,1425516.728244151687250,504159.150021614972502,1423866.728244151687250
756,756,502253.894133289169986,1423866.728244151687250,504159.150021614972502,1422216.728244151687250
757,757,502253.894133289169986,1422216.728244151687250,504159.150021614972502,1420566.728244151687250
758,758,502253.894133289169986,1420566.728244151687250,504159.150021614972502,1418916.728244151687250
759,759,502253.894133289169986,1418916.728244151687250,504159.150021614972502,1417266.728244151687250
760,760,502253.894133289169986,1417266.728244151687250,504159.150021614972502,1415616.728244151687250
761,761,502253.894133289169986,1415616.728244151687250,504159.150021614972502,1413966.728244151687250
762,762,502253.894133289169986,1413966.728244151687250,504159.150021614972502,1412316.728244151687250
763,763,502253.894133289169986,1412316.728244151687250,504159.150021614972502,1410666.728244151687250
764,764,502253.894133289169986,1410666.728244151687250,504159.150021614972502,1409016.728244151687250
765,765,502253.894133289169986,1409016.728244151687250,504159.150021614972502,1407366.728244151687250
766,766,502253.894133289169986,1407366.728244151687250,504159.150021614972502,1405716.728244151687250
767,767,502253.894133289169986,1405716.728244151687250,504159.150021614972502,1404066.728244151687250
768,768,502253.894133289169986,1404066.728244151687250,504159.150021614972502,1402416.728244151687250
772,772,503682.836049533507321,1456041.728244151687250,505588.091937859309837,1454391.728244151920080
773,773,503682.836049533507321,1454391.728244151920080,505588.091937859309837,1452741.728244151687250
774,774,503682.836049533507321,1452741.728244151687250,505588.091937859309837,1451091.728244151687250
775,775,503682.836049533507321,1451091.728244151687250,505588.091937859309837,1449441.728244151687250
776,776,503682.836049533507321,1449441.728244151687250,505588.091937859309837,1447791.728244151920080
777,777,503682.836049533507321,1447791.728244151920080,505588.091937859309837,1446141.728244151687250
778,778,503682.836049533507321,1446141.728244151687250,505588.091937859309837,1444491.728244151687250
779,779,503682.836049533507321,1444491.728244151687250,505588.091937859309837,1442841.728244151687250
780,780,503682.836049533507321,1442841.728244151687250,505588.091937859309837,1441191.728244151920080
781,781,503682.836049533507321,1441191.728244151920080,505588.091937859309837,1439541.728244151687250
782,782,503682.836049533507321,1439541.728244151687250,505588.091937859309837,1437891.728244151687250
783,783,503682.836049533507321,1437891.728244151687250,505588.091937859309837,1436241.728244151687250
784,784,503682.836049533507321,1436241.728244151687250,505588.091937859309837,1434591.728244151920080
785,785,503682.836049533507321,1434591.728244151920080,505588.091937859309837,1432941.728244151687250
786,786,503682.836049533507321,1432941.728244151687250,505588.091937859309837,1431291.728244151687250
787,787,503682.836049533507321,1431291.728244151687250,505588.091937859309837,1429641.728244151687250
788,788,503682.836049533507321,1429641.728244151687250,505588.091937859309837,1427991.728244151920080
789,789,503682.836049533507321,1427991.728244151920080,505588.091937859309837,1426341.728244151687250
790,790,503682.836049533507321,1426341.728244151687250,505588.091937859309837,1424691.728244151687250
791,791,503682.836049533507321,1424691.728244151687250,505588.091937859309837,1423041.728244151687250
792,792,503682.836049533507321,1423041.728244151687250,505588.091937859309837,1421391.728244151920080
793,793,503682.836049533507321,1421391.728244151920080,505588.091937859309837,1419741.728244151687250
794,794,503682.836049533507321,1419741.728244151687250,505588.091937859309837,1418091.728244151687250
795,795,503682.836049533507321,1418091.728244151687250,505588.091937859309837,1416441.728244151687250
796,796,503682.836049533507321,1416441.728244151687250,505588.091937859309837,1414791.728244151920080
797,797,503682.836049533507321,1414791.728244151920080,505588.091937859309837,1413141.728244151687250
798,798,503682.836049533507321,1413141.728244151687250,505588.091937859309837,1411491.728244151687250
799,799,503682.836049533507321,1411491.728244151687250,505588.091937859309837,1409841.728244151687250
800,800,503682.836049533507321,1409841.728244151687250,505588.091937859309837,1408191.728244151920080
801,801,503682.836049533507321,1408191.728244151920080,505588.091937859309837,1406541.728244151687250
802,802,503682.836049533507321,1406541.728244151687250,505588.091937859309837,1404891.728244151687250
803,803,503682.836049533507321,1404891.728244151687250,505588.091937859309837,1403241.728244151687250
807,807,505111.777965777786449,1455216.728244151687250,507017.033854103647172,1453566.728244151687250
808,808,505111.777965777786449,1453566.728244151687250,507017.033854103647172,1451916.728244151687250
809,809,505111.777965777786449,1451916.728244151687250,507017.033854103647172,1450266.728244151687250
810,810,505111.777965777786449,1450266.728244151687250,507017.033854103647172,1448616.728244151687250
811,811,505111.777965777786449,1448616.728244151687250,507017.033854103647172,1446966.728244151687250
812,812,505111.777965777786449,1446966.728244151687250,507017.033854103647172,1445316.728244151687250
813,813,505111.777965777786449,1445316.728244151687250,507017.033854103647172,1443666.728244151687250
814,814,505111.777965777786449,1443666.728244151687250,507017.033854103647172,1442016.728244151687250
815,815,505111.777965777786449,1442016.728244151687250,507017.033854103647172,1440366.728244151687250
816,816,505111.777965777786449,1440366.728244151687250,507017.033854103647172,1438716.728244151687250
817,817,505111.777965777786449,1438716.728244151687250,507017.033854103647172,1437066.728244151687250
818,818,505111.777965777786449,1437066.728244151687250,507017.033854103647172,1435416.728244151687250
819,819,505111.777965777786449,1435416.728244151687250,507017.033854103647172,1433766.728244151687250
820,820,505111.777965777786449,1433766.728244151687250,507017.033854103647172,1432116.728244151687250
821,821,505111.777965777786449,1432116.728244151687250,507017.033854103647172,1430466.728244151687250
822,822,505111.777965777786449,1430466.728244151687250,507017.033854103647172,1428816.728244151687250
823,823,505111.777965777786449,1428816.728244151687250,507017.033854103647172,1427166.728244151687250
824,824,505111.777965777786449,1427166.728244151687250,507017.033854103647172,1425516.728244151687250
825,825,505111.777965777786449,1425516.728244151687250,507017.033854103647172,1423866.728244151687250
826,826,505111.777965777786449,1423866.728244151687250,507017.033854103647172,1422216.728244151687250
827,827,505111.777965777786449,1422216.728244151687250,507017.033854103647172,1420566.728244151687250
828,828,505111.777965777786449,1420566.728244151687250,507017.033854103647172,1418916.728244151687250
829,829,505111.777965777786449,1418916.728244151687250,507017.033854103647172,1417266.728244151687250
830,830,505111.777965777786449,1417266.728244151687250,507017.033854103647172,1415616.728244151687250
831,831,505111.777965777786449,1415616.728244151687250,507017.033854103647172,1413966.728244151687250
832,832,505111.777965777786449,1413966.728244151687250,507017.033854103647172,1412316.728244151687250
833,833,505111.777965777786449,1412316.728244151687250,507017.033854103647172,1410666.728244151687250
834,834,505111.777965777786449,1410666.728244151687250,507017.033854103647172,1409016.728244151687250
835,835,505111.777965777786449,1409016.728244151687250,507017.033854103647172,1407366.728244151687250
836,836,505111.777965777786449,1407366.728244151687250,507017.033854103647172,1405716.728244151687250
837,837,505111.777965777786449,1405716.728244151687250,507017.033854103647172,1404066.728244151687250
838,838,505111.777965777786449,1404066.728244151687250,507017.033854103647172,1402416.728244151687250
843,843,506540.719882022065576,1454391.728244151920080,508445.975770347926300,1452741.728244151687250
844,844,506540.719882022065576,1452741.728244151687250,508445.975770347926300,1451091.728244151687250
845,845,506540.719882022065576,1451091.728244151687250,508445.975770347926300,1449441.728244151687250
846,846,506540.719882022065576,1449441.728244151687250,508445.975770347926300,1447791.728244151920080
847,847,506540.719882022065576,1447791.728244151920080,508445.975770347926300,1446141.728244151687250
848,848,506540.719882022065576,1446141.728244151687250,508445.975770347926300,1444491.728244151687250
849,849,506540.719882022065576,1444491.728244151687250,508445.975770347926300,1442841.728244151687250
850,850,506540.719882022065576,1442841.728244151687250,508445.975770347926300,1441191.728244151920080
851,851,506540.719882022065576,1441191.728244151920080,508445.975770347926300,1439541.728244151687250
852,852,506540.719882022065576,1439541.728244151687250,508445.975770347926300,1437891.728244151687250
853,853,506540.719882022065576,1437891.728244151687250,508445.975770347926300,1436241.728244151687250
854,854,506540.719882022065576,1436241.728244151687250,508445.975770347926300,1434591.728244151920080
855,855,506540.719882022065576,1434591.728244151920080,508445.975770347926300,1432941.728244151687250
856,856,506540.719882022065576,1432941.728244151687250,508445.975770347926300,1431291.728244151687250
857,857,506540.719882022065576,1431291.728244151687250,508445.975770347926300,1429641.728244151687250
858,858,506540.719882022065576,1429641.728244151687250,508445.975770347926300,1427991.728244151920080
859,859,506540.719882022065576,1427991.728244151920080,508445.975770347926300,1426341.728244151687250
860,860,506540.719882022065576,1426341.728244151687250,508445.975770347926300,1424691.728244151687250
861,861,506540.719882022065576,1424691.728244151687250,508445.975770347926300,1423041.728244151687250
862,862,506540.719882022065576,1423041.728244151687250,508445.975770347926300,1421391.728244151920080
863,863,506540.719882022065576,1421391.728244151920080,508445.975770347926300,1419741.728244151687250
864,864,506540.719882022065576,1419741.728244151687250,508445.975770347926300,1418091.728244151687250
865,865,506540.719882022065576,1418091.728244151687250,508445.975770347926300,1416441.728244151687250
866,866,506540.719882022065576,1416441.728244151687250,508445.975770347926300,1414791.728244151920080
867,867,506540.719882022065576,1414791.728244151920080,508445.975770347926300,1413141.728244151687250
868,868,506540.719882022065576,1413141.728244151687250,508445.975770347926300,1411491.728244151687250
869,869,506540.719882022065576,1411491.728244151687250,508445.975770347926300,1409841.728244151687250
870,870,506540.719882022065576,1409841.728244151687250,508445.975770347926300,1408191.728244151920080
871,871,506540.719882022065576,1408191.728244151920080,508445.975770347926300,1406541.728244151687250
872,872,506540.719882022065576,1406541.728244151687250,508445.975770347926300,1404891.728244151687250
873,873,506540.719882022065576,1404891.728244151687250,508445.975770347926300,1403241.728244151687250
878,878,507969.661798266461119,1453566.728244151687250,509874.917686592263635,1451916.728244151687250
879,879,507969.661798266461119,1451916.728244151687250,509874.917686592263635,1450266.728244151687250
880,880,507969.661798266461119,1450266.728244151687250,509874.917686592263635,1448616.728244151687250
881,881,507969.661798266461119,1448616.728244151687250,509874.917686592263635,1446966.728244151687250
882,882,507969.661798266461119,1446966.728244151687250,509874.917686592263635,1445316.728244151687250
883,883,507969.661798266461119,1445316.728244151687250,509874.917686592263635,1443666.728244151687250
884,884,507969.661798266461119,1443666.728244151687250,509874.917686592263635,1442016.728244151687250
885,885,507969.661798266461119,1442016.728244151687250,509874.917686592263635,1440366.728244151687250
886,886,507969.661798266461119,1440366.728244151687250,509874.917686592263635,1438716.728244151687250
887,887,507969.661798266461119,1438716.728244151687250,509874.917686592263635,1437066.728244151687250
888,888,507969.661798266461119,1437066.728244151687250,509874.917686592263635,1435416.728244151687250
889,889,507969.661798266461119,1435416.728244151687250,509874.917686592263635,1433766.728244151687250
890,890,507969.661798266461119,1433766.728244151687250,509874.917686592263635,1432116.728244151687250
891,891,507969.661798266461119,1432116.728244151687250,509874.917686592263635,1430466.728244151687250
892,892,507969.661798266461119,1430466.728244151687250,509874.917686592263635,1428816.728244151687250
893,893,507969.661798266461119,1428816.728244151687250,509874.917686592263635,1427166.728244151687250
894,894,507969.661798266461119,1427166.728244151687250,509874.917686592263635,1425516.728244151687250
895,895,507969.661798266461119,1425516.728244151687250,509874.917686592263635,1423866.728244151687250
896,896,507969.661798266461119,1423866.728244151687250,509874.917686592263635,1422216.728244151687250
897,897,507969.661798266461119,1422216.728244151687250,509874.917686592263635,1420566.728244151687250
898,898,507969.661798266461119,1420566.728244151687250,509874.917686592263635,1418916.728244151687250
899,899,507969.661798266461119,1418916.728244151687250,509874.917686592263635,1417266.728244151687250
900,900,507969.661798266461119,1417266.728244151687250,509874.917686592263635,1415616.728244151687250
901,901,507969.661798266461119,1415616.728244151687250,509874.917686592263635,1413966.728244151687250
902,902,507969.661798266461119,1413966.728244151687250,509874.917686592263635,1412316.728244151687250
903,903,507969.661798266461119,1412316.728244151687250,509874.917686592263635,1410666.728244151687250
904,904,507969.661798266461119,1410666.728244151687250,509874.917686592263635,1409016.728244151687250
905,905,507969.661798266461119,1409016.728244151687250,509874.917686592263635,1407366.728244151687250
906,906,507969.661798266461119,1407366.728244151687250,509874.917686592263635,1405716.728244151687250
907,907,507969.661798266461119,1405716.728244151687250,509874.917686592263635,1404066.728244151687250
908,908,507969.661798266461119,1404066.728244151687250,509874.917686592263635,1402416.728244151687250
914,914,509398.603714510798454,1452741.728244151687250,511303.859602836600970,1451091.728244151687250
915,915,509398.603714510798454,1451091.728244151687250,511303.859602836600970,1449441.728244151687250
916,916,509398.603714510798454,1449441.728244151687250,511303.859602836600970,1447791.728244151920080
917,917,509398.603714510798454,1447791.728244151920080,511303.859602836600970,1446141.728244151687250
918,918,509398.603714510798454,1446141.728244151687250,511303.859602836600970,1444491.728244151687250
919,919,509398.603714510798454,1444491.728244151687250,511303.859602836600970,1442841.728244151687250
920,920,509398.603714510798454,1442841.728244151687250,511303.859602836600970,1441191.728244151920080
921,921,509398.603714510798454,1441191.728244151920080,511303.859602836600970,1439541.728244151687250
922,922,509398.603714510798454,1439541.728244151687250,511303.859602836600970,1437891.728244151687250
923,923,509398.603714510798454,1437891.728244151687250,511303.859602836600970,1436241.728244151687250
924,924,509398.603714510798454,1436241.728244151687250,511303.859602836600970,1434591.728244151920080
925,925,509398.603714510798454,1434591.728244151920080,511303.859602836600970,1432941.728244151687250
926,926,509398.603714510798454,1432941.728244151687250,511303.859602836600970,1431291.728244151687250
927,927,509398.603714510798454,1431291.728244151687250,511303.859602836600970,1429641.728244151687250
928,928,509398.603714510798454,1429641.728244151687250,511303.859602836600970,1427991.728244151920080
929,929,509398.603714510798454,1427991.728244151920080,511303.859602836600970,1426341.728244151687250
930,930,509398.603714510798454,1426341.728244151687250,511303.859602836600970,1424691.728244151687250
931,931,509398.603714510798454,1424691.728244151687250,511303.859602836600970,1423041.728244151687250
932,932,509398.603714510798454,1423041.728244151687250,511303.859602836600970,1421391.728244151920080
933,933,509398.603714510798454,1421391.728244151920080,511303.859602836600970,1419741.728244151687250
934,934,509398.603714510798454,1419741.728244151687250,511303.859602836600970,1418091.728244151687250
935,935,509398.603714510798454,1418091.728244151687250,511303.859602836600970,1416441.728244151687250
936,936,509398.603714510798454,1416441.728244151687250,511303.859602836600970,1414791.728244151920080
937,937,509398.603714510798454,1414791.728244151920080,511303.859602836600970,1413141.728244151687250
938,938,509398.603714510798454,1413141.728244151687250,511303.859602836600970,1411491.728244151687250
939,939,509398.603714510798454,1411491.728244151687250,511303.859602836600970,1409841.728244151687250
940,940,509398.603714510798454,1409841.728244151687250,511303.859602836600970,1408191.728244151920080
941,941,509398.603714510798454,1408191.728244151920080,511303.859602836600970,1406541.728244151687250
942,942,509398.603714510798454,1406541.728244151687250,511303.859602836600970,1404891.728244151687250
943,943,509398.603714510798454,1404891.728244151687250,511303.859602836600970,1403241.728244151687250
949,949,510827.545630755135790,1451916.728244151687250,512732.801519080938306,1450266.728244151687250
950,950,510827.545630755135790,1450266.728244151687250,512732.801519080938306,1448616.728244151687250
951,951,510827.545630755135790,1448616.728244151687250,512732.801519080938306,1446966.728244151687250
952,952,510827.545630755135790,1446966.728244151687250,512732.801519080938306,1445316.728244151687250
953,953,510827.545630755135790,1445316.728244151687250,512732.801519080938306,1443666.728244151687250
954,954,510827.545630755135790,1443666.728244151687250,512732.801519080938306,1442016.728244151687250
955,955,510827.545630755135790,1442016.728244151687250,512732.801519080938306,1440366.728244151687250
956,956,510827.545630755135790,1440366.728244151687250,512732.801519080938306,1438716.728244151687250
957,957,510827.545630755135790,1438716.728244151687250,512732.801519080938306,1437066.728244151687250
958,958,510827.545630755135790,1437066.728244151687250,512732.801519080938306,1435416.728244151687250
959,959,510827.545630755135790,1435416.728244151687250,512732.801519080938306,1433766.728244151687250
960,960,510827.545630755135790,1433766.728244151687250,512732.801519080938306,1432116.728244151687250
961,961,510827.545630755135790,1432116.728244151687250,512732.801519080938306,1430466.728244151687250
962,962,510827.545630755135790,1430466.728244151687250,512732.801519080938306,1428816.728244151687250
963,963,510827.545630755135790,1428816.728244151687250,512732.801519080938306,1427166.728244151687250
964,964,510827.545630755135790,1427166.728244151687250,512732.801519080938306,1425516.728244151687250
965,965,510827.545630755135790,1425516.728244151687250,512732.801519080938306,1423866.728244151687250
966,966,510827.545630755135790,1423866.728244151687250,512732.801519080938306,1422216.728244151687250
967,967,510827.545630755135790,1422216.728244151687250,512732.801519080938306,1420566.728244151687250
968,968,510827.545630755135790,1420566.728244151687250,512732.801519080938306,1418916.728244151687250
969,969,510827.545630755135790,1418916.728244151687250,512732.801519080938306,1417266.728244151687250
970,970,510827.545630755135790,1417266.728244151687250,512732.801519080938306,1415616.728244151687250
971,971,510827.545630755135790,1415616.728244151687250,512732.801519080938306,1413966.728244151687250
972,972,510827.545630755135790,1413966.728244151687250,512732.801519080938306,1412316.728244151687250
973,973,510827.545630755135790,1412316.728244151687250,512732.801519080938306,1410666.728244151687250
974,974,510827.545630755135790,1410666.728244151687250,512732.801519080938306,1409016.728244151687250
975,975,510827.545630755135790,1409016.728244151687250,512732.801519080938306,1407366.728244151687250
976,976,510827.545630755135790,1407366.728244151687250,512732.801519080938306,1405716.728244151687250
977,977,510827.545630755135790,1405716.728244151687250,512732.801519080938306,1404066.728244151687250
978,978,510827.545630755135790,1404066.728244151687250,512732.801519080938306,1402416.728244151687250
986,986,512256.487546999473125,1449441.728244151687250,514161.743435325217433,1447791.728244151920080
987,987,512256.487546999473125,1447791.728244151920080,514161.743435325217433,1446141.728244151687250
988,988,512256.487546999473125,1446141.728244151687250,514161.743435325217433,1444491.728244151687250
989,989,512256.487546999473125,1444491.728244151687250,514161.743435325217433,1442841.728244151687250
990,990,512256.487546999473125,1442841.728244151687250,514161.743435325217433,1441191.728244151920080
991,991,512256.487546999473125,1441191.728244151920080,514161.743435325217433,1439541.728244151687250
992,992,512256.487546999473125,1439541.728244151687250,514161.743435325217433,1437891.728244151687250
993,993,512256.487546999473125,1437891.728244151687250,514161.743435325217433,1436241.728244151687250
994,994,512256.487546999473125,1436241.728244151687250,514161.743435325217433,1434591.728244151920080
995,995,512256.487546999473125,1434591.728244151920080,514161.743435325217433,1432941.728244151687250
996,996,512256.487546999473125,1432941.728244151687250,514161.743435325217433,1431291.728244151687250
997,997,512256.487546999473125,1431291.728244151687250,514161.743435325217433,1429641.728244151687250
998,998,512256.487546999473125,1429641.728244151687250,514161.743435325217433,1427991.728244151920080
999,999,512256.487546999473125,1427991.728244151920080,514161.743435325217433,1426341.728244151687250
1000,1000,512256.487546999473125,1426341.728244151687250,514161.743435325217433,1424691.728244151687250
1001,1001,512256.487546999473125,1424691.728244151687250,514161.743435325217433,1423041.728244151687250
1002,1002,512256.487546999473125,1423041.728244151687250,514161.743435325217433,1421391.728244151920080
1003,1003,512256.487546999473125,1421391.728244151920080,514161.743435325217433,1419741.728244151687250
1004,1004,512256.487546999473125,1419741.728244151687250,514161.743435325217433,1418091.728244151687250
1005,1005,512256.487546999473125,1418091.728244151687250,514161.743435325217433,1416441.728244151687250
1006,1006,512256.487546999473125,1416441.728244151687250,514161.743435325217433,1414791.728244151920080
1007,1007,512256.487546999473125,1414791.728244151920080,514161.743435325217433,1413141.728244151687250
1008,1008,512256.487546999473125,1413141.728244151687250,514161.743435325217433,1411491.728244151687250
1009,1009,512256.487546999473125,1411491.728244151687250,514161.743435325217433,1409841.728244151687250
1010,1010,512256.487546999473125,1409841.728244151687250,514161.743435325217433,1408191.728244151920080
1011,1011,512256.487546999473125,1408191.728244151920080,514161.743435325217433,1406541.728244151687250
1012,1012,512256.487546999473125,1406541.728244151687250,514161.743435325217433,1404891.728244151687250
1013,1013,512256.487546999473125,1404891.728244151687250,514161.743435325217433,1403241.728244151687250
1020,1020,513685.429463243752252,1450266.728244151687250,515590.685351569496561,1448616.728244151687250
1021,1021,513685.429463243752252,1448616.728244151687250,515590.685351569496561,1446966.728244151687250
1022,1022,513685.429463243752252,1446966.728244151687250,515590.685351569496561,1445316.728244151687250
1023,1023,513685.429463243752252,1445316.728244151687250,515590.685351569496561,1443666.728244151687250
1024,1024,513685.429463243752252,1443666.728244151687250,515590.685351569496561,1442016.728244151687250
1025,1025,513685.429463243752252,1442016.728244151687250,515590.685351569496561,1440366.728244151687250
1026,1026,513685.429463243752252,1440366.728244151687250,515590.685351569496561,1438716.728244151687250
1027,1027,513685.429463243752252,1438716.728244151687250,515590.685351569496561,1437066.728244151687250
1028,1028,513685.429463243752252,1437066.728244151687250,515590.685351569496561,1435416.728244151687250
1029,1029,513685.429463243752252,1435416.728244151687250,515590.685351569496561,1433766.728244151687250
1030,1030,513685.429463243752252,1433766.728244151687250,515590.685351569496561,1432116.728244151687250
1031,1031,513685.429463243752252,1432116.728244151687250,515590.685351569496561,1430466.728244151687250
1032,1032,513685.429463243752252,1430466.728244151687250,515590.685351569496561,1428816.728244151687250
1033,1033,513685.429463243752252,1428816.728244151687250,515590.685351569496561,1427166.728244151687250
1034,1034,513685.429463243752252,1427166.728244151687250,515590.685351569496561,1425516.728244151687250
1035,1035,513685.429463243752252,1425516.728244151687250,515590.685351569496561,1423866.728244151687250
1036,1036,513685.429463243752252,1423866.728244151687250,515590.685351569496561,1422216.728244151687250
1037,1037,513685.429463243752252,1422216.728244151687250,515590.685351569496561,1420566.728244151687250
1038,1038,513685.429463243752252,1420566.728244151687250,515590.685351569496561,1418916.728244151687250
1039,1039,513685.429463243752252,1418916.728244151687250,515590.685351569496561,1417266.728244151687250
1040,1040,513685.429463243752252,1417266.728244151687250,515590.685351569496561,1415616.728244151687250
1041,1041,513685.429463243752252,1415616.728244151687250,515590.685351569496561,1413966.728244151687250
1042,1042,513685.429463243752252,1413966.728244151687250,515590.685351569496561,1412316.728244151687250
1043,1043,513685.429463243752252,1412316.728244151687250,515590.685351569496561,1410666.728244151687250
1044,1044,513685.429463243752252,1410666.728244151687250,515590.685351569496561,1409016.728244151687250
1045,1045,513685.429463243752252,1409016.728244151687250,515590.685351569496561,1407366.728244151687250
1046,1046,513685.429463243752252,1407366.728244151687250,515590.685351569496561,1405716.728244151687250
1047,1047,513685.429463243752252,1405716.728244151687250,515590.685351569496561,1404066.728244151687250
1048,1048,513685.429463243752252,1404066.728244151687250,515590.685351569496561,1402416.728244151687250
1056,1056,515114.371379488089588,1449441.728244151687250,517019.627267813892104,1447791.728244151920080
1057,1057,515114.371379488089588,1447791.728244151920080,517019.627267813892104,1446141.728244151687250
1058,1058,515114.371379488089588,1446141.728244151687250,517019.627267813892104,1444491.728244151687250
1059,1059,515114.371379488089588,1444491.728244151687250,517019.627267813892104,1442841.728244151687250
1060,1060,515114.371379488089588,1442841.728244151687250,517019.627267813892104,1441191.728244151920080
1061,1061,515114.371379488089588,1441191.728244151920080,517019.627267813892104,1439541.728244151687250
1062,1062,515114.371379488089588,1439541.728244151687250,517019.627267813892104,1437891.728244151687250
1063,1063,515114.371379488089588,1437891.728244151687250,517019.627267813892104,1436241.728244151687250
1064,1064,515114.371379488089588,1436241.728244151687250,517019.627267813892104,1434591.728244151920080
1065,1065,515114.371379488089588,1434591.728244151920080,517019.627267813892104,1432941.728244151687250
1066,1066,515114.371379488089588,1432941.728244151687250,517019.627267813892104,1431291.728244151687250
1067,1067,515114.371379488089588,1431291.728244151687250,517019.627267813892104,1429641.728244151687250
1068,1068,515114.371379488089588,1429641.728244151687250,517019.627267813892104,1427991.728244151920080
1069,1069,515114.371379488089588,1427991.728244151920080,517019.627267813892104,1426341.728244151687250
1070,1070,515114.371379488089588,1426341.728244151687250,517019.627267813892104,1424691.728244151687250
1071,1071,515114.371379488089588,1424691.728244151687250,517019.627267813892104,1423041.728244151687250
1072,1072,515114.371379488089588,1423041.728244151687250,517019.627267813892104,1421391.728244151920080
1073,1073,515114.371379488089588,1421391.728244151920080,517019.627267813892104,1419741.728244151687250
1074,1074,515114.371379488089588,1419741.728244151687250,517019.627267813892104,1418091.728244151687250
1075,1075,515114.371379488089588,1418091.728244151687250,517019.627267813892104,1416441.728244151687250
1076,1076,515114.371379488089588,1416441.728244151687250,517019.627267813892104,1414791.728244151920080
1077,1077,515114.371379488089588,1414791.728244151920080,517019.627267813892104,1413141.728244151687250
1078,1078,515114.371379488089588,1413141.728244151687250,517019.627267813892104,1411491.728244151687250
1079,1079,515114.371379488089588,1411491.728244151687250,517019.627267813892104,1409841.728244151687250
1080,1080,515114.371379488089588,1409841.728244151687250,517019.627267813892104,1408191.728244151920080
1081,1081,515114.371379488089588,1408191.728244151920080,517019.627267813892104,1406541.728244151687250
1082,1082,515114.371379488089588,1406541.728244151687250,517019.627267813892104,1404891.728244151687250
1083,1083,515114.371379488089588,1404891.728244151687250,517019.627267813892104,1403241.728244151687250
1091,1091,516543.313295732426923,1448616.728244151687250,518448.569184058229439,1446966.728244151687250
1092,1092,516543.313295732426923,1446966.728244151687250,518448.569184058229439,1445316.728244151687250
1093,1093,516543.313295732426923,1445316.728244151687250,518448.569184058229439,1443666.728244151687250
1094,1094,516543.313295732426923,1443666.728244151687250,518448.569184058229439,1442016.728244151687250
1095,1095,516543.313295732426923,1442016.728244151687250,518448.569184058229439,1440366.728244151687250
1096,1096,516543.313295732426923,1440366.728244151687250,518448.569184058229439,1438716.728244151687250
1097,1097,516543.313295732426923,1438716.728244151687250,518448.569184058229439,1437066.728244151687250
1098,1098,516543.313295732426923,1437066.728244151687250,518448.569184058229439,1435416.728244151687250
1099,1099,516543.313295732426923,1435416.728244151687250,518448.569184058229439,1433766.728244151687250
1100,1100,516543.313295732426923,1433766.728244151687250,518448.569184058229439,1432116.728244151687250
1101,1101,516543.313295732426923,1432116.728244151687250,518448.569184058229439,1430466.728244151687250
1102,1102,516543.313295732426923,1430466.728244151687250,518448.569184058229439,1428816.728244151687250
1103,1103,516543.313295732426923,1428816.728244151687250,518448.569184058229439,1427166.728244151687250
1104,1104,516543.313295732426923,1427166.728244151687250,518448.569184058229439,1425516.728244151687250
1105,1105,516543.313295732426923,1425516.728244151687250,518448.569184058229439,1423866.728244151687250
1106,1106,516543.313295732426923,1423866.728244151687250,518448.569184058229439,1422216.728244151687250
1107,1107,516543.313295732426923,1422216.728244151687250,518448.569184058229439,1420566.728244151687250
1108,1108,516543.313295732426923,1420566.728244151687250,518448.569184058229439,1418916.728244151687250
1109,1109,516543.313295732426923,1418916.728244151687250,518448.569184058229439,1417266.728244151687250
1110,1110,516543.313295732426923,1417266.728244151687250,518448.569184058229439,1415616.728244151687250
1111,1111,516543.313295732426923,1415616.728244151687250,518448.569184058229439,1413966.728244151687250
1112,1112,516543.313295732426923,1413966.728244151687250,518448.569184058229439,1412316.728244151687250
1113,1113,516543.313295732426923,1412316.728244151687250,518448.569184058229439,1410666.728244151687250
1114,1114,516543.313295732426923,1410666.728244151687250,518448.569184058229439,1409016.728244151687250
1115,1115,516543.313295732426923,1409016.728244151687250,518448.569184058229439,1407366.728244151687250
1116,1116,516543.313295732426923,1407366.728244151687250,518448.569184058229439,1405716.728244151687250
1117,1117,516543.313295732426923,1405716.728244151687250,518448.569184058229439,1404066.728244151687250
1118,1118,516543.313295732426923,1404066.728244151687250,518448.569184058229439,1402416.728244151687250
1126,1126,517972.255211976764258,1449441.728244151687250,519877.511100302566774,1447791.728244151920080
1127,1127,517972.255211976764258,1447791.728244151920080,519877.511100302566774,1446141.728244151687250
1128,1128,517972.255211976764258,1446141.728244151687250,519877.511100302566774,1444491.728244151687250
1129,1129,517972.255211976764258,1444491.728244151687250,519877.511100302566774,1442841.728244151687250
1130,1130,517972.255211976764258,1442841.728244151687250,519877.511100302566774,1441191.728244151920080
1131,1131,517972.255211976764258,1441191.728244151920080,519877.511100302566774,1439541.728244151687250
1132,1132,517972.255211976764258,1439541.728244151687250,519877.511100302566774,1437891.728244151687250
1133,1133,517972.255211976764258,1437891.728244151687250,519877.511100302566774,1436241.728244151687250
1134,1134,517972.255211976764258,1436241.728244151687250,519877.511100302566774,1434591.728244151920080
1135,1135,517972.255211976764258,1434591.728244151920080,519877.511100302566774,1432941.728244151687250
1136,1136,517972.255211976764258,1432941.728244151687250,519877.511100302566774,1431291.728244151687250
1137,1137,517972.255211976764258,1431291.728244151687250,519877.511100302566774,1429641.728244151687250
1138,1138,517972.255211976764258,1429641.728244151687250,519877.511100302566774,1427991.728244151920080
1139,1139,517972.255211976764258,1427991.728244151920080,519877.511100302566774,1426341.728244151687250
1140,1140,517972.255211976764258,1426341.728244151687250,519877.511100302566774,1424691.728244151687250
1141,1141,517972.255211976764258,1424691.728244151687250,519877.511100302566774,1423041.728244151687250
1142,1142,517972.255211976764258,1423041.728244151687250,519877.511100302566774,1421391.728244151920080
1143,1143,517972.255211976764258,1421391.728244151920080,519877.511100302566774,1419741.728244151687250
1144,1144,517972.255211976764258,1419741.728244151687250,519877.511100302566774,1418091.728244151687250
1145,1145,517972.255211976764258,1418091.728244151687250,519877.511100302566774,1416441.728244151687250
1146,1146,517972.255211976764258,1416441.728244151687250,519877.511100302566774,1414791.728244151920080
1147,1147,517972.255211976764258,1414791.728244151920080,519877.511100302566774,1413141.728244151687250
1148,1148,517972.255211976764258,1413141.728244151687250,519877.511100302566774,1411491.728244151687250
1149,1149,517972.255211976764258,1411491.728244151687250,519877.511100302566774,1409841.728244151687250
1150,1150,517972.255211976764258,1409841.728244151687250,519877.511100302566774,1408191.728244151920080
1151,1151,517972.255211976764258,1408191.728244151920080,519877.511100302566774,1406541.728244151687250
1152,1152,517972.255211976764258,1406541.728244151687250,519877.511100302566774,1404891.728244151687250
1153,1153,517972.255211976764258,1404891.728244151687250,519877.511100302566774,1403241.728244151687250
1154,1154,517972.255211976764258,1403241.728244151687250,519877.511100302566774,1401591.728244151920080
1162,1162,519401.197128221043386,1446966.728244151687250,521306.453016546845902,1445316.728244151687250
1163,1163,519401.197128221043386,1445316.728244151687250,521306.453016546845902,1443666.728244151687250
1164,1164,519401.197128221043386,1443666.728244151687250,521306.453016546845902,1442016.728244151687250
1165,1165,519401.197128221043386,1442016.728244151687250,521306.453016546845902,1440366.728244151687250
1166,1166,519401.197128221043386,1440366.728244151687250,521306.453016546845902,1438716.728244151687250
1167,1167,519401.197128221043386,1438716.728244151687250,521306.453016546845902,1437066.728244151687250
1168,1168,519401.197128221043386,1437066.728244151687250,521306.453016546845902,1435416.728244151687250
1169,1169,519401.197128221043386,1435416.728244151687250,521306.453016546845902,1433766.728244151687250
1170,1170,519401.197128221043386,1433766.728244151687250,521306.453016546845902,1432116.728244151687250
1171,1171,519401.197128221043386,1432116.728244151687250,521306.453016546845902,1430466.728244151687250
1172,1172,519401.197128221043386,1430466.728244151687250,521306.453016546845902,1428816.728244151687250
1173,1173,519401.197128221043386,1428816.728244151687250,521306.453016546845902,1427166.728244151687250
1174,1174,519401.197128221043386,1427166.728244151687250,521306.453016546845902,1425516.728244151687250
1175,1175,519401.197128221043386,1425516.728244151687250,521306.453016546845902,1423866.728244151687250
1176,1176,519401.197128221043386,1423866.728244151687250,521306.453016546845902,1422216.728244151687250
1177,1177,519401.197128221043386,1422216.728244151687250,521306.453016546845902,1420566.728244151687250
1178,1178,519401.197128221043386,1420566.728244151687250,521306.453016546845902,1418916.728244151687250
1179,1179,519401.197128221043386,1418916.728244151687250,521306.453016546845902,1417266.728244151687250
1180,1180,519401.197128221043386,1417266.728244151687250,521306.453016546845902,1415616.728244151687250
1181,1181,519401.197128221043386,1415616.728244151687250,521306.453016546845902,1413966.728244151687250
1182,1182,519401.197128221043386,1413966.728244151687250,521306.453016546845902,1412316.728244151687250
1183,1183,519401.197128221043386,1412316.728244151687250,521306.453016546845902,1410666.728244151687250
1184,1184,519401.197128221043386,1410666.728244151687250,521306.453016546845902,1409016.728244151687250
1185,1185,519401.197128221043386,1409016.728244151687250,521306.453016546845902,1407366.728244151687250
1186,1186,519401.197128221043386,1407366.728244151687250,521306.453016546845902,1405716.728244151687250
1187,1187,519401.197128221043386,1405716.728244151687250,521306.453016546845902,1404066.728244151687250
1188,1188,519401.197128221043386,1404066.728244151687250,521306.453016546845902,1402416.728244151687250
1197,1197,520830.139044465438928,1447791.728244151920080,522735.394932791183237,1446141.728244151687250
1198,1198,520830.139044465438928,1446141.728244151687250,522735.394932791183237,1444491.728244151687250
1199,1199,520830.139044465438928,1444491.728244151687250,522735.394932791183237,1442841.728244151687250
1200,1200,520830.139044465438928,1442841.728244151687250,522735.394932791183237,1441191.728244151920080
1201,1201,520830.139044465438928,1441191.728244151920080,522735.394932791183237,1439541.728244151687250
1202,1202,520830.139044465438928,1439541.728244151687250,522735.394932791183237,1437891.728244151687250
1203,1203,520830.139044465438928,1437891.728244151687250,522735.394932791183237,1436241.728244151687250
1204,1204,520830.139044465438928,1436241.728244151687250,522735.394932791183237,1434591.728244151920080
1205,1205,520830.139044465438928,1434591.728244151920080,522735.394932791183237,1432941.728244151687250
1206,1206,520830.139044465438928,1432941.728244151687250,522735.394932791183237,1431291.728244151687250
1207,1207,520830.139044465438928,1431291.728244151687250,522735.394932791183237,1429641.728244151687250
1208,1208,520830.139044465438928,1429641.728244151687250,522735.394932791183237,1427991.728244151920080
1209,1209,520830.139044465438928,1427991.728244151920080,522735.394932791183237,1426341.728244151687250
1210,1210,520830.139044465438928,1426341.728244151687250,522735.394932791183237,1424691.728244151687250
1211,1211,520830.139044465438928,1424691.728244151687250,522735.394932791183237,1423041.728244151687250
1212,1212,520830.139044465438928,1423041.728244151687250,522735.394932791183237,1421391.728244151920080
1213,1213,520830.139044465438928,1421391.728244151920080,522735.394932791183237,1419741.728244151687250
1214,1214,520830.139044465438928,1419741.728244151687250,522735.394932791183237,1418091.728244151687250
1215,1215,520830.139044465438928,1418091.728244151687250,522735.394932791183237,1416441.728244151687250
1216,1216,520830.139044465438928,1416441.728244151687250,522735.394932791183237,1414791.728244151920080
1217,1217,520830.139044465438928,1414791.728244151920080,522735.394932791183237,1413141.728244151687250
1218,1218,520830.139044465438928,1413141.728244151687250,522735.394932791183237,1411491.728244151687250
1219,1219,520830.139044465438928,1411491.728244151687250,522735.394932791183237,1409841.728244151687250
1220,1220,520830.139044465438928,1409841.728244151687250,522735.394932791183237,1408191.728244151920080
1221,1221,520830.139044465438928,1408191.728244151920080,522735.394932791183237,1406541.728244151687250
1222,1222,520830.139044465438928,1406541.728244151687250,522735.394932791183237,1404891.728244151687250
1223,1223,520830.139044465438928,1404891.728244151687250,522735.394932791183237,1403241.728244151687250
1224,1224,520830.139044465438928,1403241.728244151687250,522735.394932791183237,1401591.728244151920080
1232,1232,522259.080960709718056,1446966.728244151687250,524164.336849035520572,1445316.728244151687250
1233,1233,522259.080960709718056,1445316.728244151687250,524164.336849035520572,1443666.728244151687250
1234,1234,522259.080960709718056,1443666.728244151687250,524164.336849035520572,1442016.728244151687250
1235,1235,522259.080960709718056,1442016.728244151687250,524164.336849035520572,1440366.728244151687250
1236,1236,522259.080960709718056,1440366.728244151687250,524164.336849035520572,1438716.728244151687250
1237,1237,522259.080960709718056,1438716.728244151687250,524164.336849035520572,1437066.728244151687250
1238,1238,522259.080960709718056,1437066.728244151687250,524164.336849035520572,1435416.728244151687250
1239,1239,522259.080960709718056,1435416.728244151687250,524164.336849035520572,1433766.728244151687250
1240,1240,522259.080960709718056,1433766.728244151687250,524164.336849035520572,1432116.728244151687250
1241,1241,522259.080960709718056,1432116.728244151687250,524164.336849035520572,1430466.728244151687250
1242,1242,522259.080960709718056,1430466.728244151687250,524164.336849035520572,1428816.728244151687250
1243,1243,522259.080960709718056,1428816.728244151687250,524164.336849035520572,1427166.728244151687250
1244,1244,522259.080960709718056,1427166.728244151687250,524164.336849035520572,1425516.728244151687250
1245,1245,522259.080960709718056,1425516.728244151687250,524164.336849035520572,1423866.728244151687250
1246,1246,522259.080960709718056,1423866.728244151687250,524164.336849035520572,1422216.728244151687250
1247,1247,522259.080960709718056,1422216.728244151687250,524164.336849035520572,1420566.728244151687250
1248,1248,522259.080960709718056,1420566.728244151687250,524164.336849035520572,1418916.728244151687250
1249,1249,522259.080960709718056,1418916.728244151687250,524164.336849035520572,1417266.728244151687250
1250,1250,522259.080960709718056,1417266.728244151687250,524164.336849035520572,1415616.728244151687250
1251,1251,522259.080960709718056,1415616.728244151687250,524164.336849035520572,1413966.728244151687250
1252,1252,522259.080960709718056,1413966.728244151687250,524164.336849035520572,1412316.728244151687250
1253,1253,522259.080960709718056,1412316.728244151687250,524164.336849035520572,1410666.728244151687250
1254,1254,522259.080960709718056,1410666.728244151687250,524164.336849035520572,1409016.728244151687250
1255,1255,522259.080960709718056,1409016.728244151687250,524164.336849035520572,1407366.728244151687250
1256,1256,522259.080960709718056,1407366.728244151687250,524164.336849035520572,1405716.728244151687250
1257,1257,522259.080960709718056,1405716.728244151687250,524164.336849035520572,1404066.728244151687250
1258,1258,522259.080960709718056,1404066.728244151687250,524164.336849035520572,1402416.728244151687250
1268,1268,523688.022876954055391,1446141.728244151687250,525593.278765279799700,1444491.728244151687250
1269,1269,523688.022876954055391,1444491.728244151687250,525593.278765279799700,1442841.728244151687250
1270,1270,523688.022876954055391,1442841.728244151687250,525593.278765279799700,1441191.728244151920080
1271,1271,523688.022876954055391,1441191.728244151920080,525593.278765279799700,1439541.728244151687250
1272,1272,523688.022876954055391,1439541.728244151687250,525593.278765279799700,1437891.728244151687250
1273,1273,523688.022876954055391,1437891.728244151687250,525593.278765279799700,1436241.728244151687250
1274,1274,523688.022876954055391,1436241.728244151687250,525593.278765279799700,1434591.728244151920080
1275,1275,523688.022876954055391,1434591.728244151920080,525593.278765279799700,1432941.728244151687250
1276,1276,523688.022876954055391,1432941.728244151687250,525593.278765279799700,1431291.728244151687250
1277,1277,523688.022876954055391,1431291.728244151687250,525593.278765279799700,1429641.728244151687250
1278,1278,523688.022876954055391,1429641.728244151687250,525593.278765279799700,1427991.728244151920080
1279,1279,523688.022876954055391,1427991.728244151920080,525593.278765279799700,1426341.728244151687250
1280,1280,523688.022876954055391,1426341.728244151687250,525593.278765279799700,1424691.728244151687250
1281,1281,523688.022876954055391,1424691.728244151687250,525593.278765279799700,1423041.728244151687250
1282,1282,523688.022876954055391,1423041.728244151687250,525593.278765279799700,1421391.728244151920080
1283,1283,523688.022876954055391,1421391.728244151920080,525593.278765279799700,1419741.728244151687250
1284,1284,523688.022876954055391,1419741.728244151687250,525593.278765279799700,1418091.728244151687250
1285,1285,523688.022876954055391,1418091.728244151687250,525593.278765279799700,1416441.728244151687250
1286,1286,523688.022876954055391,1416441.728244151687250,525593.278765279799700,1414791.728244151920080
1287,1287,523688.022876954055391,1414791.728244151920080,525593.278765279799700,1413141.728244151687250
1288,1288,523688.022876954055391,1413141.728244151687250,525593.278765279799700,1411491.728244151687250
1289,1289,523688.022876954055391,1411491.728244151687250,525593.278765279799700,1409841.728244151687250
1290,1290,523688.022876954055391,1409841.728244151687250,525593.278765279799700,1408191.728244151920080
1291,1291,523688.022876954055391,1408191.728244151920080,525593.278765279799700,1406541.728244151687250
1292,1292,523688.022876954055391,1406541.728244151687250,525593.278765279799700,1404891.728244151687250
1293,1293,523688.022876954055391,1404891.728244151687250,525593.278765279799700,1403241.728244151687250
1294,1294,523688.022876954055391,1403241.728244151687250,525593.278765279799700,1401591.728244151920080
1303,1303,525116.964793198392726,1445316.728244151687250,527022.220681524137035,1443666.728244151687250
1304,1304,525116.964793198392726,1443666.728244151687250,527022.220681524137035,1442016.728244151687250
1305,1305,525116.964793198392726,1442016.728244151687250,527022.220681524137035,1440366.728244151687250
1306,1306,525116.964793198392726,1440366.728244151687250,527022.220681524137035,1438716.728244151687250
1307,1307,525116.964793198392726,1438716.728244151687250,527022.220681524137035,1437066.728244151687250
1308,1308,525116.964793198392726,1437066.728244151687250,527022.220681524137035,1435416.728244151687250
1309,1309,525116.964793198392726,1435416.728244151687250,527022.220681524137035,1433766.728244151687250
1310,1310,525116.964793198392726,1433766.728244151687250,527022.220681524137035,1432116.728244151687250
1311,1311,525116.964793198392726,1432116.728244151687250,527022.220681524137035,1430466.728244151687250
1312,1312,525116.964793198392726,1430466.728244151687250,527022.220681524137035,1428816.728244151687250
1313,1313,525116.964793198392726,1428816.728244151687250,527022.220681524137035,1427166.728244151687250
1314,1314,525116.964793198392726,1427166.728244151687250,527022.220681524137035,1425516.728244151687250
1315,1315,525116.964793198392726,1425516.728244151687250,527022.220681524137035,1423866.728244151687250
1316,1316,525116.964793198392726,1423866.728244151687250,527022.220681524137035,1422216.728244151687250
1317,1317,525116.964793198392726,1422216.728244151687250,527022.220681524137035,1420566.728244151687250
1318,1318,525116.964793198392726,1420566.728244151687250,527022.220681524137035,1418916.728244151687250
1319,1319,525116.964793198392726,1418916.728244151687250,527022.220681524137035,1417266.728244151687250
1320,1320,525116.964793198392726,1417266.728244151687250,527022.220681524137035,1415616.728244151687250
1321,1321,525116.964793198392726,1415616.728244151687250,527022.220681524137035,1413966.728244151687250
1322,1322,525116.964793198392726,1413966.728244151687250,527022.220681524137035,1412316.728244151687250
1323,1323,525116.964793198392726,1412316.728244151687250,527022.220681524137035,1410666.728244151687250
1324,1324,525116.964793198392726,1410666.728244151687250,527022.220681524137035,1409016.728244151687250
1325,1325,525116.964793198392726,1409016.728244151687250,527022.220681524137035,1407366.728244151687250
1326,1326,525116.964793198392726,1407366.728244151687250,527022.220681524137035,1405716.728244151687250
1327,1327,525116.964793198392726,1405716.728244151687250,527022.220681524137035,1404066.728244151687250
1328,1328,525116.964793198392726,1404066.728244151687250,527022.220681524137035,1402416.728244151687250
1353,1353,526545.906709442730062,1421391.728244151920080,528451.162597768474370,1419741.728244151687250
1354,1354,526545.906709442730062,1419741.728244151687250,528451.162597768474370,1418091.728244151687250
1355,1355,526545.906709442730062,1418091.728244151687250,528451.162597768474370,1416441.728244151687250
1356,1356,526545.906709442730062,1416441.728244151687250,528451.162597768474370,1414791.728244151920080
1357,1357,526545.906709442730062,1414791.728244151920080,528451.162597768474370,1413141.728244151687250
1358,1358,526545.906709442730062,1413141.728244151687250,528451.162597768474370,1411491.728244151687250
1359,1359,526545.906709442730062,1411491.728244151687250,528451.162597768474370,1409841.728244151687250
1360,1360,526545.906709442730062,1409841.728244151687250,528451.162597768474370,1408191.728244151920080
1361,1361,526545.906709442730062,1408191.728244151920080,528451.162597768474370,1406541.728244151687250
1362,1362,526545.906709442730062,1406541.728244151687250,528451.162597768474370,1404891.728244151687250
1363,1363,526545.906709442730062,1404891.728244151687250,528451.162597768474370,1403241.728244151687250
1364,1364,526545.906709442730062,1403241.728244151687250,528451.162597768474370,1401591.728244151920080
1397,1397,527974.848625687067397,1405716.728244151687250,529880.104514012811705,1404066.728244151687250
1398,1398,527974.848625687067397,1404066.728244151687250,529880.104514012811705,1402416.728244151687250
