ID,BARANGAY,PSGC
267,Batong Buhay,PH175109001
268,Batong Buhay,PH175109001
303,Batong Buhay,PH175109001
304,Batong Buhay,PH175109001
305,Batong Buhay,PH175109001
337,Batong Buhay,PH175109001
338,Batong Buhay,PH175109001
372,Batong Buhay,PH175109001
373,Batong Buhay,PH175109001
406,Batong Buhay,PH175109001
407,Batong Buhay,PH175109001
408,Batong Buhay,PH175109001
441,Batong Buhay,PH175109001
442,Batong Buhay,PH175109001
443,Batong Buhay,PH175109001
476,Batong Buhay,PH175109001
477,Batong Buhay,PH175109001
478,Batong Buhay,PH175109001
511,Batong Buhay,PH175109001
512,Batong Buhay,PH175109001
513,Batong Buhay,PH175109001
545,Batong Buhay,PH175109001
546,Batong Buhay,PH175109001
547,Batong Buhay,PH175109001
548,Batong Buhay,PH175109001
580,Batong Buhay,PH175109001
581,Batong Buhay,PH175109001
582,Batong Buhay,PH175109001
583,Batong Buhay,PH175109001
615,Batong Buhay,PH175109001
616,Batong Buhay,PH175109001
617,Batong Buhay,PH175109001
618,Batong Buhay,PH175109001
650,Batong Buhay,PH175109001
651,Batong Buhay,PH175109001
652,Batong Buhay,PH175109001
653,Batong Buhay,PH175109001
685,Batong Buhay,PH175109001
686,Batong Buhay,PH175109001
687,Batong Buhay,PH175109001
688,Batong Buhay,PH175109001
720,Batong Buhay,PH175109001
721,Batong Buhay,PH175109001
722,Batong Buhay,PH175109001
723,Batong Buhay,PH175109001
755,Batong Buhay,PH175109001
756,Batong Buhay,PH175109001
757,Batong Buhay,PH175109001
758,Batong Buhay,PH175109001
790,Batong Buhay,PH175109001
791,Batong Buhay,PH175109001
792,Batong Buhay,PH175109001
793,Batong Buhay,PH175109001
825,Batong Buhay,PH175109001
826,Batong Buhay,PH175109001
827,Batong Buhay,PH175109001
828,Batong Buhay,PH175109001
860,Batong Buhay,PH175109001
861,Batong Buhay,PH175109001
862,Batong Buhay,PH175109001
863,Batong Buhay,PH175109001
895,Batong Buhay,PH175109001
896,Batong Buhay,PH175109001
897,Batong Buhay,PH175109001
898,Batong Buhay,PH175109001
930,Batong Buhay,PH175109001
931,Batong Buhay,PH175109001
932,Batong Buhay,PH175109001
933,Batong Buhay,PH175109001
965,Batong Buhay,PH175109001
966,Batong Buhay,PH175109001
967,Batong Buhay,PH175109001
968,Batong Buhay,PH175109001
1000,Batong Buhay,PH175109001
1001,Batong Buhay,PH175109001
1002,Batong Buhay,PH175109001
1003,Batong Buhay,PH175109001
1004,Batong Buhay,PH175109001
1034,Batong Buhay,PH175109001
1035,Batong Buhay,PH175109001
1036,Batong Buhay,PH175109001
1037,Batong Buhay,PH175109001
1038,Batong Buhay,PH175109001
1070,Batong Buhay,PH175109001
1071,Batong Buhay,PH175109001
1072,Batong Buhay,PH175109001
1073,Batong Buhay,PH175109001
1074,Batong Buhay,PH175109001
1104,Batong Buhay,PH175109001
1105,Batong Buhay,PH175109001
1106,Batong Buhay,PH175109001
1107,Batong Buhay,PH175109001
1108,Batong Buhay,PH175109001
1140,Batong Buhay,PH175109001
1141,Batong Buhay,PH175109001
1142,Batong Buhay,PH175109001
1143,Batong Buhay,PH175109001
1144,Batong Buhay,PH175109001
1174,Batong Buhay,PH175109001
1175,Batong Buhay,PH175109001
1176,Batong Buhay,PH175109001
1177,Batong Buhay,PH175109001
1178,Batong Buhay,PH175109001
1210,Batong Buhay,PH175109001
1211,Batong Buhay,PH175109001
1212,Batong Buhay,PH175109001
1213,Batong Buhay,PH175109001
1214,Batong Buhay,PH175109001
1244,Batong Buhay,PH175109001
1245,Batong Buhay,PH175109001
1246,Batong Buhay,PH175109001
1247,Batong Buhay,PH175109001
1248,Batong Buhay,PH175109001
1280,Batong Buhay,PH175109001
1281,Batong Buhay,PH175109001
1282,Batong Buhay,PH175109001
1283,Batong Buhay,PH175109001
1284,Batong Buhay,PH175109001
1314,Batong Buhay,PH175109001
1315,Batong Buhay,PH175109001
1316,Batong Buhay,PH175109001
1317,Batong Buhay,PH175109001
1318,Batong Buhay,PH175109001
1353,Batong Buhay,PH175109001
1354,Batong Buhay,PH175109001
93,Buenavista,PH175109002
313,Burgos,PH175109003
347,Burgos,PH175109003
348,Burgos,PH175109003
349,Burgos,PH175109003
382,Burgos,PH175109003
383,Burgos,PH175109003
384,Burgos,PH175109003
385,Burgos,PH175109003
416,Burgos,PH175109003
417,Burgos,PH175109003
418,Burgos,PH175109003
419,Burgos,PH175109003
451,Burgos,PH175109003
452,Burgos,PH175109003
453,Burgos,PH175109003
454,Burgos,PH175109003
485,Burgos,PH175109003
486,Burgos,PH175109003
487,Burgos,PH175109003
488,Burgos,PH175109003
521,Burgos,PH175109003
522,Burgos,PH175109003
523,Burgos,PH175109003
555,Burgos,PH175109003
556,Burgos,PH175109003
557,Burgos,PH175109003
591,Burgos,PH175109003
592,Burgos,PH175109003
593,Burgos,PH175109003
625,Burgos,PH175109003
626,Burgos,PH175109003
627,Burgos,PH175109003
661,Burgos,PH175109003
662,Burgos,PH175109003
663,Burgos,PH175109003
695,Burgos,PH175109003
696,Burgos,PH175109003
697,Burgos,PH175109003
698,Burgos,PH175109003
731,Burgos,PH175109003
732,Burgos,PH175109003
733,Burgos,PH175109003
765,Burgos,PH175109003
766,Burgos,PH175109003
767,Burgos,PH175109003
768,Burgos,PH175109003
801,Burgos,PH175109003
802,Burgos,PH175109003
803,Burgos,PH175109003
836,Burgos,PH175109003
837,Burgos,PH175109003
838,Burgos,PH175109003
871,Burgos,PH175109003
872,Burgos,PH175109003
873,Burgos,PH175109003
906,Burgos,PH175109003
907,Burgos,PH175109003
908,Burgos,PH175109003
941,Burgos,PH175109003
942,Burgos,PH175109003
943,Burgos,PH175109003
976,Burgos,PH175109003
977,Burgos,PH175109003
978,Burgos,PH175109003
1011,Burgos,PH175109003
1012,Burgos,PH175109003
1013,Burgos,PH175109003
1046,Burgos,PH175109003
1047,Burgos,PH175109003
1048,Burgos,PH175109003
1081,Burgos,PH175109003
1082,Burgos,PH175109003
1083,Burgos,PH175109003
1116,Burgos,PH175109003
1117,Burgos,PH175109003
1118,Burgos,PH175109003
1151,Burgos,PH175109003
1152,Burgos,PH175109003
1153,Burgos,PH175109003
1154,Burgos,PH175109003
1186,Burgos,PH175109003
1187,Burgos,PH175109003
1188,Burgos,PH175109003
1221,Burgos,PH175109003
1222,Burgos,PH175109003
1223,Burgos,PH175109003
1224,Burgos,PH175109003
1256,Burgos,PH175109003
1257,Burgos,PH175109003
1258,Burgos,PH175109003
1291,Burgos,PH175109003
1292,Burgos,PH175109003
1293,Burgos,PH175109003
1294,Burgos,PH175109003
1326,Burgos,PH175109003
1327,Burgos,PH175109003
1328,Burgos,PH175109003
1361,Burgos,PH175109003
1362,Burgos,PH175109003
1363,Burgos,PH175109003
1364,Burgos,PH175109003
1397,Burgos,PH175109003
1398,Burgos,PH175109003
49,Claudio Salgado,PH175109004
50,Claudio Salgado,PH175109004
51,Claudio Salgado,PH175109004
84,Claudio Salgado,PH175109004
85,Claudio Salgado,PH175109004
86,Claudio Salgado,PH175109004
87,Claudio Salgado,PH175109004
88,Claudio Salgado,PH175109004
89,Claudio Salgado,PH175109004
118,Claudio Salgado,PH175109004
119,Claudio Salgado,PH175109004
120,Claudio Salgado,PH175109004
121,Claudio Salgado,PH175109004
122,Claudio Salgado,PH175109004
123,Claudio Salgado,PH175109004
154,Claudio Salgado,PH175109004
155,Claudio Salgado,PH175109004
156,Claudio Salgado,PH175109004
188,Claudio Salgado,PH175109004
189,Claudio Salgado,PH175109004
239,General Emilio Aguinaldo,PH175109005
240,General Emilio Aguinaldo,PH175109005
241,General Emilio Aguinaldo,PH175109005
274,General Emilio Aguinaldo,PH175109005
90,Ibud,PH175109006
91,Ibud,PH175109006
124,Ibud,PH175109006
125,Ibud,PH175109006
160,Ibud,PH175109006
190,Ilvita,PH175109007
224,Ilvita,PH175109007
225,Ilvita,PH175109007
258,Ilvita,PH175109007
259,Ilvita,PH175109007
260,Ilvita,PH175109007
294,Ilvita,PH175109007
295,Ilvita,PH175109007
296,Ilvita,PH175109007
329,Ilvita,PH175109007
330,Ilvita,PH175109007
331,Ilvita,PH175109007
297,Lagnas,PH175109022
332,Lagnas,PH175109022
275,Ligaya,PH175109008
276,Ligaya,PH175109008
309,Ligaya,PH175109008
310,Ligaya,PH175109008
311,Ligaya,PH175109008
312,Ligaya,PH175109008
343,Ligaya,PH175109008
344,Ligaya,PH175109008
345,Ligaya,PH175109008
346,Ligaya,PH175109008
379,Ligaya,PH175109008
380,Ligaya,PH175109008
381,Ligaya,PH175109008
413,Ligaya,PH175109008
414,Ligaya,PH175109008
415,Ligaya,PH175109008
449,Ligaya,PH175109008
450,Ligaya,PH175109008
483,Ligaya,PH175109008
484,Ligaya,PH175109008
519,Ligaya,PH175109008
520,Ligaya,PH175109008
553,Ligaya,PH175109008
554,Ligaya,PH175109008
589,Ligaya,PH175109008
590,Ligaya,PH175109008
623,Ligaya,PH175109008
624,Ligaya,PH175109008
659,Ligaya,PH175109008
660,Ligaya,PH175109008
693,Ligaya,PH175109008
694,Ligaya,PH175109008
729,Ligaya,PH175109008
730,Ligaya,PH175109008
763,Ligaya,PH175109008
764,Ligaya,PH175109008
799,Ligaya,PH175109008
800,Ligaya,PH175109008
833,Ligaya,PH175109008
834,Ligaya,PH175109008
835,Ligaya,PH175109008
869,Ligaya,PH175109008
870,Ligaya,PH175109008
903,Ligaya,PH175109008
904,Ligaya,PH175109008
905,Ligaya,PH175109008
939,Ligaya,PH175109008
940,Ligaya,PH175109008
974,Ligaya,PH175109008
975,Ligaya,PH175109008
1009,Ligaya,PH175109008
1010,Ligaya,PH175109008
1044,Ligaya,PH175109008
1045,Ligaya,PH175109008
1079,Ligaya,PH175109008
1080,Ligaya,PH175109008
1114,Ligaya,PH175109008
1115,Ligaya,PH175109008
1149,Ligaya,PH175109008
1150,Ligaya,PH175109008
1184,Ligaya,PH175109008
1185,Ligaya,PH175109008
1219,Ligaya,PH175109008
1220,Ligaya,PH175109008
1254,Ligaya,PH175109008
1255,Ligaya,PH175109008
1289,Ligaya,PH175109008
1290,Ligaya,PH175109008
1324,Ligaya,PH175109008
1325,Ligaya,PH175109008
1359,Ligaya,PH175109008
1360,Ligaya,PH175109008
238,Malisbong,PH175109023
271,Malisbong,PH175109023
272,Malisbong,PH175109023
273,Malisbong,PH175109023
306,Malisbong,PH175109023
307,Malisbong,PH175109023
308,Malisbong,PH175109023
339,Malisbong,PH175109023
340,Malisbong,PH175109023
341,Malisbong,PH175109023
342,Malisbong,PH175109023
374,Malisbong,PH175109023
375,Malisbong,PH175109023
376,Malisbong,PH175109023
377,Malisbong,PH175109023
378,Malisbong,PH175109023
409,Malisbong,PH175109023
410,Malisbong,PH175109023
411,Malisbong,PH175109023
412,Malisbong,PH175109023
444,Malisbong,PH175109023
445,Malisbong,PH175109023
446,Malisbong,PH175109023
447,Malisbong,PH175109023
448,Malisbong,PH175109023
479,Malisbong,PH175109023
480,Malisbong,PH175109023
481,Malisbong,PH175109023
482,Malisbong,PH175109023
514,Malisbong,PH175109023
515,Malisbong,PH175109023
516,Malisbong,PH175109023
517,Malisbong,PH175109023
518,Malisbong,PH175109023
549,Malisbong,PH175109023
550,Malisbong,PH175109023
551,Malisbong,PH175109023
552,Malisbong,PH175109023
584,Malisbong,PH175109023
585,Malisbong,PH175109023
586,Malisbong,PH175109023
587,Malisbong,PH175109023
588,Malisbong,PH175109023
619,Malisbong,PH175109023
620,Malisbong,PH175109023
621,Malisbong,PH175109023
622,Malisbong,PH175109023
654,Malisbong,PH175109023
655,Malisbong,PH175109023
656,Malisbong,PH175109023
657,Malisbong,PH175109023
658,Malisbong,PH175109023
689,Malisbong,PH175109023
690,Malisbong,PH175109023
691,Malisbong,PH175109023
692,Malisbong,PH175109023
724,Malisbong,PH175109023
725,Malisbong,PH175109023
726,Malisbong,PH175109023
727,Malisbong,PH175109023
728,Malisbong,PH175109023
759,Malisbong,PH175109023
760,Malisbong,PH175109023
761,Malisbong,PH175109023
762,Malisbong,PH175109023
794,Malisbong,PH175109023
795,Malisbong,PH175109023
796,Malisbong,PH175109023
797,Malisbong,PH175109023
798,Malisbong,PH175109023
829,Malisbong,PH175109023
830,Malisbong,PH175109023
831,Malisbong,PH175109023
832,Malisbong,PH175109023
864,Malisbong,PH175109023
865,Malisbong,PH175109023
866,Malisbong,PH175109023
867,Malisbong,PH175109023
868,Malisbong,PH175109023
899,Malisbong,PH175109023
900,Malisbong,PH175109023
901,Malisbong,PH175109023
902,Malisbong,PH175109023
934,Malisbong,PH175109023
935,Malisbong,PH175109023
936,Malisbong,PH175109023
937,Malisbong,PH175109023
938,Malisbong,PH175109023
969,Malisbong,PH175109023
970,Malisbong,PH175109023
971,Malisbong,PH175109023
972,Malisbong,PH175109023
973,Malisbong,PH175109023
1005,Malisbong,PH175109023
1006,Malisbong,PH175109023
1007,Malisbong,PH175109023
1008,Malisbong,PH175109023
1039,Malisbong,PH175109023
1040,Malisbong,PH175109023
1041,Malisbong,PH175109023
1042,Malisbong,PH175109023
1043,Malisbong,PH175109023
1075,Malisbong,PH175109023
1076,Malisbong,PH175109023
1077,Malisbong,PH175109023
1078,Malisbong,PH175109023
1109,Malisbong,PH175109023
1110,Malisbong,PH175109023
1111,Malisbong,PH175109023
1112,Malisbong,PH175109023
1113,Malisbong,PH175109023
1145,Malisbong,PH175109023
1146,Malisbong,PH175109023
1147,Malisbong,PH175109023
1148,Malisbong,PH175109023
1179,Malisbong,PH175109023
1180,Malisbong,PH175109023
1181,Malisbong,PH175109023
1182,Malisbong,PH175109023
1183,Malisbong,PH175109023
1215,Malisbong,PH175109023
1216,Malisbong,PH175109023
1217,Malisbong,PH175109023
1218,Malisbong,PH175109023
1249,Malisbong,PH175109023
1250,Malisbong,PH175109023
1251,Malisbong,PH175109023
1252,Malisbong,PH175109023
1253,Malisbong,PH175109023
1285,Malisbong,PH175109023
1286,Malisbong,PH175109023
1287,Malisbong,PH175109023
1288,Malisbong,PH175109023
1319,Malisbong,PH175109023
1320,Malisbong,PH175109023
1321,Malisbong,PH175109023
1322,Malisbong,PH175109023
1323,Malisbong,PH175109023
1355,Malisbong,PH175109023
1356,Malisbong,PH175109023
1357,Malisbong,PH175109023
1358,Malisbong,PH175109023
228,Paetan,PH175109004
229,Paetan,PH175109004
263,Paetan,PH175109004
298,Paetan,PH175109004
333,Paetan,PH175109004
368,Paetan,PH175109004
366,Pag-Asa,PH175109011
367,Pag-Asa,PH175109011
399,Pag-Asa,PH175109011
400,Pag-Asa,PH175109011
401,Pag-Asa,PH175109011
431,Pag-Asa,PH175109011
432,Pag-Asa,PH175109011
433,Pag-Asa,PH175109011
434,Pag-Asa,PH175109011
435,Pag-Asa,PH175109011
436,Pag-Asa,PH175109011
437,Pag-Asa,PH175109011
464,Pag-Asa,PH175109011
465,Pag-Asa,PH175109011
466,Pag-Asa,PH175109011
467,Pag-Asa,PH175109011
468,Pag-Asa,PH175109011
469,Pag-Asa,PH175109011
470,Pag-Asa,PH175109011
471,Pag-Asa,PH175109011
497,Pag-Asa,PH175109011
498,Pag-Asa,PH175109011
499,Pag-Asa,PH175109011
500,Pag-Asa,PH175109011
501,Pag-Asa,PH175109011
502,Pag-Asa,PH175109011
503,Pag-Asa,PH175109011
504,Pag-Asa,PH175109011
505,Pag-Asa,PH175109011
506,Pag-Asa,PH175109011
507,Pag-Asa,PH175109011
530,Pag-Asa,PH175109011
531,Pag-Asa,PH175109011
532,Pag-Asa,PH175109011
533,Pag-Asa,PH175109011
534,Pag-Asa,PH175109011
535,Pag-Asa,PH175109011
536,Pag-Asa,PH175109011
537,Pag-Asa,PH175109011
538,Pag-Asa,PH175109011
539,Pag-Asa,PH175109011
540,Pag-Asa,PH175109011
541,Pag-Asa,PH175109011
564,Pag-Asa,PH175109011
565,Pag-Asa,PH175109011
566,Pag-Asa,PH175109011
567,Pag-Asa,PH175109011
568,Pag-Asa,PH175109011
569,Pag-Asa,PH175109011
570,Pag-Asa,PH175109011
571,Pag-Asa,PH175109011
572,Pag-Asa,PH175109011
573,Pag-Asa,PH175109011
574,Pag-Asa,PH175109011
575,Pag-Asa,PH175109011
576,Pag-Asa,PH175109011
577,Pag-Asa,PH175109011
597,Pag-Asa,PH175109011
598,Pag-Asa,PH175109011
599,Pag-Asa,PH175109011
600,Pag-Asa,PH175109011
601,Pag-Asa,PH175109011
602,Pag-Asa,PH175109011
603,Pag-Asa,PH175109011
604,Pag-Asa,PH175109011
605,Pag-Asa,PH175109011
606,Pag-Asa,PH175109011
607,Pag-Asa,PH175109011
608,Pag-Asa,PH175109011
609,Pag-Asa,PH175109011
610,Pag-Asa,PH175109011
611,Pag-Asa,PH175109011
631,Pag-Asa,PH175109011
632,Pag-Asa,PH175109011
633,Pag-Asa,PH175109011
634,Pag-Asa,PH175109011
635,Pag-Asa,PH175109011
636,Pag-Asa,PH175109011
637,Pag-Asa,PH175109011
638,Pag-Asa,PH175109011
639,Pag-Asa,PH175109011
640,Pag-Asa,PH175109011
641,Pag-Asa,PH175109011
642,Pag-Asa,PH175109011
643,Pag-Asa,PH175109011
644,Pag-Asa,PH175109011
645,Pag-Asa,PH175109011
646,Pag-Asa,PH175109011
666,Pag-Asa,PH175109011
667,Pag-Asa,PH175109011
668,Pag-Asa,PH175109011
669,Pag-Asa,PH175109011
670,Pag-Asa,PH175109011
671,Pag-Asa,PH175109011
672,Pag-Asa,PH175109011
673,Pag-Asa,PH175109011
674,Pag-Asa,PH175109011
675,Pag-Asa,PH175109011
676,Pag-Asa,PH175109011
677,Pag-Asa,PH175109011
678,Pag-Asa,PH175109011
679,Pag-Asa,PH175109011
680,Pag-Asa,PH175109011
701,Pag-Asa,PH175109011
702,Pag-Asa,PH175109011
703,Pag-Asa,PH175109011
704,Pag-Asa,PH175109011
705,Pag-Asa,PH175109011
706,Pag-Asa,PH175109011
707,Pag-Asa,PH175109011
708,Pag-Asa,PH175109011
709,Pag-Asa,PH175109011
710,Pag-Asa,PH175109011
711,Pag-Asa,PH175109011
712,Pag-Asa,PH175109011
713,Pag-Asa,PH175109011
714,Pag-Asa,PH175109011
715,Pag-Asa,PH175109011
736,Pag-Asa,PH175109011
737,Pag-Asa,PH175109011
738,Pag-Asa,PH175109011
739,Pag-Asa,PH175109011
740,Pag-Asa,PH175109011
741,Pag-Asa,PH175109011
742,Pag-Asa,PH175109011
743,Pag-Asa,PH175109011
744,Pag-Asa,PH175109011
745,Pag-Asa,PH175109011
746,Pag-Asa,PH175109011
747,Pag-Asa,PH175109011
748,Pag-Asa,PH175109011
749,Pag-Asa,PH175109011
772,Pag-Asa,PH175109011
773,Pag-Asa,PH175109011
774,Pag-Asa,PH175109011
775,Pag-Asa,PH175109011
776,Pag-Asa,PH175109011
777,Pag-Asa,PH175109011
778,Pag-Asa,PH175109011
779,Pag-Asa,PH175109011
780,Pag-Asa,PH175109011
781,Pag-Asa,PH175109011
782,Pag-Asa,PH175109011
783,Pag-Asa,PH175109011
784,Pag-Asa,PH175109011
807,Pag-Asa,PH175109011
808,Pag-Asa,PH175109011
809,Pag-Asa,PH175109011
810,Pag-Asa,PH175109011
811,Pag-Asa,PH175109011
812,Pag-Asa,PH175109011
813,Pag-Asa,PH175109011
814,Pag-Asa,PH175109011
815,Pag-Asa,PH175109011
816,Pag-Asa,PH175109011
817,Pag-Asa,PH175109011
818,Pag-Asa,PH175109011
843,Pag-Asa,PH175109011
844,Pag-Asa,PH175109011
845,Pag-Asa,PH175109011
846,Pag-Asa,PH175109011
847,Pag-Asa,PH175109011
848,Pag-Asa,PH175109011
849,Pag-Asa,PH175109011
850,Pag-Asa,PH175109011
851,Pag-Asa,PH175109011
852,Pag-Asa,PH175109011
853,Pag-Asa,PH175109011
878,Pag-Asa,PH175109011
879,Pag-Asa,PH175109011
880,Pag-Asa,PH175109011
881,Pag-Asa,PH175109011
882,Pag-Asa,PH175109011
883,Pag-Asa,PH175109011
884,Pag-Asa,PH175109011
885,Pag-Asa,PH175109011
886,Pag-Asa,PH175109011
914,Pag-Asa,PH175109011
915,Pag-Asa,PH175109011
916,Pag-Asa,PH175109011
917,Pag-Asa,PH175109011
918,Pag-Asa,PH175109011
919,Pag-Asa,PH175109011
920,Pag-Asa,PH175109011
921,Pag-Asa,PH175109011
949,Pag-Asa,PH175109011
950,Pag-Asa,PH175109011
951,Pag-Asa,PH175109011
952,Pag-Asa,PH175109011
953,Pag-Asa,PH175109011
954,Pag-Asa,PH175109011
955,Pag-Asa,PH175109011
986,Pag-Asa,PH175109011
987,Pag-Asa,PH175109011
988,Pag-Asa,PH175109011
989,Pag-Asa,PH175109011
990,Pag-Asa,PH175109011
1020,Pag-Asa,PH175109011
1021,Pag-Asa,PH175109011
1022,Pag-Asa,PH175109011
1023,Pag-Asa,PH175109011
1024,Pag-Asa,PH175109011
1056,Pag-Asa,PH175109011
1057,Pag-Asa,PH175109011
1058,Pag-Asa,PH175109011
1059,Pag-Asa,PH175109011
1091,Pag-Asa,PH175109011
1092,Pag-Asa,PH175109011
1093,Pag-Asa,PH175109011
1126,Pag-Asa,PH175109011
1127,Pag-Asa,PH175109011
1128,Pag-Asa,PH175109011
1162,Pag-Asa,PH175109011
22,Poblacion (Lumangbayan),PH175109009
23,Poblacion (Lumangbayan),PH175109009
58,Poblacion (Lumangbayan),PH175109009
59,Poblacion (Lumangbayan),PH175109009
94,Poblacion (Lumangbayan),PH175109009
95,Poblacion (Lumangbayan),PH175109009
128,Poblacion (Lumangbayan),PH175109009
129,Poblacion (Lumangbayan),PH175109009
402,San Agustin,PH175109013
403,San Agustin,PH175109013
438,San Agustin,PH175109013
439,San Agustin,PH175109013
440,San Agustin,PH175109013
472,San Agustin,PH175109013
473,San Agustin,PH175109013
474,San Agustin,PH175109013
475,San Agustin,PH175109013
508,San Agustin,PH175109013
509,San Agustin,PH175109013
510,San Agustin,PH175109013
542,San Agustin,PH175109013
543,San Agustin,PH175109013
544,San Agustin,PH175109013
578,San Agustin,PH175109013
579,San Agustin,PH175109013
612,San Agustin,PH175109013
613,San Agustin,PH175109013
614,San Agustin,PH175109013
647,San Agustin,PH175109013
648,San Agustin,PH175109013
649,San Agustin,PH175109013
681,San Agustin,PH175109013
682,San Agustin,PH175109013
683,San Agustin,PH175109013
684,San Agustin,PH175109013
716,San Agustin,PH175109013
717,San Agustin,PH175109013
718,San Agustin,PH175109013
719,San Agustin,PH175109013
750,San Agustin,PH175109013
751,San Agustin,PH175109013
752,San Agustin,PH175109013
753,San Agustin,PH175109013
754,San Agustin,PH175109013
785,San Agustin,PH175109013
786,San Agustin,PH175109013
787,San Agustin,PH175109013
788,San Agustin,PH175109013
789,San Agustin,PH175109013
819,San Agustin,PH175109013
820,San Agustin,PH175109013
821,San Agustin,PH175109013
822,San Agustin,PH175109013
823,San Agustin,PH175109013
824,San Agustin,PH175109013
854,San Agustin,PH175109013
855,San Agustin,PH175109013
856,San Agustin,PH175109013
857,San Agustin,PH175109013
858,San Agustin,PH175109013
859,San Agustin,PH175109013
887,San Agustin,PH175109013
888,San Agustin,PH175109013
889,San Agustin,PH175109013
890,San Agustin,PH175109013
891,San Agustin,PH175109013
892,San Agustin,PH175109013
893,San Agustin,PH175109013
894,San Agustin,PH175109013
922,San Agustin,PH175109013
923,San Agustin,PH175109013
924,San Agustin,PH175109013
925,San Agustin,PH175109013
926,San Agustin,PH175109013
927,San Agustin,PH175109013
928,San Agustin,PH175109013
929,San Agustin,PH175109013
956,San Agustin,PH175109013
957,San Agustin,PH175109013
958,San Agustin,PH175109013
959,San Agustin,PH175109013
960,San Agustin,PH175109013
961,San Agustin,PH175109013
962,San Agustin,PH175109013
963,San Agustin,PH175109013
964,San Agustin,PH175109013
991,San Agustin,PH175109013
992,San Agustin,PH175109013
993,San Agustin,PH175109013
994,San Agustin,PH175109013
995,San Agustin,PH175109013
996,San Agustin,PH175109013
997,San Agustin,PH175109013
998,San Agustin,PH175109013
999,San Agustin,PH175109013
1025,San Agustin,PH175109013
1026,San Agustin,PH175109013
1027,San Agustin,PH175109013
1028,San Agustin,PH175109013
1029,San Agustin,PH175109013
1030,San Agustin,PH175109013
1031,San Agustin,PH175109013
1032,San Agustin,PH175109013
1033,San Agustin,PH175109013
1060,San Agustin,PH175109013
1061,San Agustin,PH175109013
1062,San Agustin,PH175109013
1063,San Agustin,PH175109013
1064,San Agustin,PH175109013
1065,San Agustin,PH175109013
1066,San Agustin,PH175109013
1067,San Agustin,PH175109013
1068,San Agustin,PH175109013
1069,San Agustin,PH175109013
1094,San Agustin,PH175109013
1095,San Agustin,PH175109013
1096,San Agustin,PH175109013
1097,San Agustin,PH175109013
1098,San Agustin,PH175109013
1099,San Agustin,PH175109013
1100,San Agustin,PH175109013
1101,San Agustin,PH175109013
1102,San Agustin,PH175109013
1103,San Agustin,PH175109013
1129,San Agustin,PH175109013
1130,San Agustin,PH175109013
1131,San Agustin,PH175109013
1132,San Agustin,PH175109013
1133,San Agustin,PH175109013
1134,San Agustin,PH175109013
1135,San Agustin,PH175109013
1136,San Agustin,PH175109013
1137,San Agustin,PH175109013
1138,San Agustin,PH175109013
1139,San Agustin,PH175109013
1163,San Agustin,PH175109013
1164,San Agustin,PH175109013
1165,San Agustin,PH175109013
1166,San Agustin,PH175109013
1167,San Agustin,PH175109013
1168,San Agustin,PH175109013
1169,San Agustin,PH175109013
1170,San Agustin,PH175109013
1171,San Agustin,PH175109013
1172,San Agustin,PH175109013
1173,San Agustin,PH175109013
1197,San Agustin,PH175109013
1198,San Agustin,PH175109013
1199,San Agustin,PH175109013
1200,San Agustin,PH175109013
1201,San Agustin,PH175109013
1202,San Agustin,PH175109013
1203,San Agustin,PH175109013
1204,San Agustin,PH175109013
1205,San Agustin,PH175109013
1206,San Agustin,PH175109013
1207,San Agustin,PH175109013
1208,San Agustin,PH175109013
1209,San Agustin,PH175109013
1232,San Agustin,PH175109013
1233,San Agustin,PH175109013
1234,San Agustin,PH175109013
1235,San Agustin,PH175109013
1236,San Agustin,PH175109013
1237,San Agustin,PH175109013
1238,San Agustin,PH175109013
1239,San Agustin,PH175109013
1240,San Agustin,PH175109013
1241,San Agustin,PH175109013
1242,San Agustin,PH175109013
1243,San Agustin,PH175109013
1268,San Agustin,PH175109013
1269,San Agustin,PH175109013
1270,San Agustin,PH175109013
1271,San Agustin,PH175109013
1272,San Agustin,PH175109013
1273,San Agustin,PH175109013
1274,San Agustin,PH175109013
1275,San Agustin,PH175109013
1276,San Agustin,PH175109013
1277,San Agustin,PH175109013
1278,San Agustin,PH175109013
1279,San Agustin,PH175109013
1303,San Agustin,PH175109013
1304,San Agustin,PH175109013
1305,San Agustin,PH175109013
1306,San Agustin,PH175109013
1307,San Agustin,PH175109013
1308,San Agustin,PH175109013
1309,San Agustin,PH175109013
1310,San Agustin,PH175109013
1311,San Agustin,PH175109013
1312,San Agustin,PH175109013
1313,San Agustin,PH175109013
299,San Francisco,PH175109014
300,San Francisco,PH175109014
334,San Francisco,PH175109014
335,San Francisco,PH175109014
336,San Francisco,PH175109014
369,San Francisco,PH175109014
370,San Francisco,PH175109014
371,San Francisco,PH175109014
404,San Francisco,PH175109014
405,San Francisco,PH175109014
135,San Nicolas,PH175109016
136,San Nicolas,PH175109016
170,San Nicolas,PH175109016
171,San Nicolas,PH175109016
204,San Nicolas,PH175109016
205,San Nicolas,PH175109016
206,San Nicolas,PH175109016
194,San Vicente,PH175109017
195,San Vicente,PH175109017
196,San Vicente,PH175109017
230,San Vicente,PH175109017
231,San Vicente,PH175109017
232,San Vicente,PH175109017
264,San Vicente,PH175109017
265,San Vicente,PH175109017
266,San Vicente,PH175109017
301,San Vicente,PH175109017
302,San Vicente,PH175109017
96,Santa Lucia,PH175109018
97,Santa Lucia,PH175109018
98,Santa Lucia,PH175109018
100,Santa Lucia,PH175109018
130,Santa Lucia,PH175109018
131,Santa Lucia,PH175109018
132,Santa Lucia,PH175109018
133,Santa Lucia,PH175109018
134,Santa Lucia,PH175109018
165,Santa Lucia,PH175109018
166,Santa Lucia,PH175109018
167,Santa Lucia,PH175109018
168,Santa Lucia,PH175109018
169,Santa Lucia,PH175109018
201,Santa Lucia,PH175109018
202,Santa Lucia,PH175109018
203,Santa Lucia,PH175109018
92,Santo Niño,PH175109019
126,Santo Niño,PH175109019
127,Santo Niño,PH175109019
161,Santo Niño,PH175109019
162,Santo Niño,PH175109019
163,Santo Niño,PH175109019
158,Tagumpay,PH175109020
159,Tagumpay,PH175109020
193,Tagumpay,PH175109020
164,Tuban,PH175109024
197,Tuban,PH175109024
198,Tuban,PH175109024
199,Tuban,PH175109024
200,Tuban,PH175109024
233,Tuban,PH175109024
234,Tuban,PH175109024
235,Tuban,PH175109024
236,Tuban,PH175109024
237,Tuban,PH175109024
269,Tuban,PH175109024
270,Tuban,PH175109024
157,Victoria,PH175109021
191,Victoria,PH175109021
192,Victoria,PH175109021
226,Victoria,PH175109021
227,Victoria,PH175109021
261,Victoria,PH175109021
262,Victoria,PH175109021